name,category,count
Facebook Domain Insights,analytics,838
Twitter Tweet Button,widgets,304
Android Alternative,mobile,159
Twitter App Card,mobile,193
Twitter App Card iPad,mobile,117
Twitter App Card iPhone,mobile,189
Twitter App Card Android,mobile,121
SlideShare,media,31
jQuery 1.7.2,javascript,214
DNS Made Easy DNS,ns,192
Rack Cache,Web Server,328
LeadLander,analytics,134
Trackalyzer,analytics,134
Twitter Platform,javascript,1320
AJAX Libraries API,cdn,2032
jQuery,javascript,4448
Google Analytics,analytics,4248
Quantcast Measurement,analytics,194
nginx,Web Server,2737
Sendgrid,mx,744
Google Apps for Business,mx,2970
Min Width,css,3662
Max Width,css,3835
SPF,mx,3901
Tiggee,hosting,22
VideoJS,media,164
Amazon S3,cdn,476
Garlic,javascript,3
Lightbox,javascript,504
Google Webmaster,Web Master,1630
Google Font API,widgets,3500
html5shiv,javascript,2339
Twitter Ads,ads,988
Twitter Analytics,analytics,940
Google Analytics with Ad Tracking,analytics,191
DoubleClick.Net,ads,3213
Apple Mobile Web Clips Icon,mobile,2369
Viewport Meta,mobile,4420
140 Proof,ads,1
PHP,framework,2504
DNS Made Easy,hosting,22
Google Hosted Libraries,javascript,2028
Google Hosted jQuery,javascript,1787
Google Analytics Classic,analytics,1820
Mobile Non Scaleable Content,mobile,2086
Typekit,widgets,736
Yoast Plugins,widgets,1707
Yoast SEO Premium,widgets,1565
Yoast WordPress SEO Plugin,widgets,1686
Sitelinks Search Box,widgets,1820
RSS,feeds,2940
WordPress,cms,2658
Really Simple Discovery,feeds,2205
Live Writer Support,feeds,2148
Wordpress Plugins,widgets,2427
Google Universal Analytics,analytics,3816
WP Engine,cms,176
SSL by Default,ssl,1951
Orientation,css,2230
Twemoji,widgets,1815
Google,hosting,487
Angular JS,javascript,664
Spotify Play Button,media,11
Vimeo,media,572
bxSlider,javascript,259
Fancybox,javascript,637
jQuery 1.8.2,javascript,248
FitVids.JS,javascript,404
FeedBurner,feeds,165
Marketo Real Time Personalization,analytics,39
Facebook SDK,javascript,2228
Akamai,cdn,258
AppNexus,ads,1042
MediaMath,analytics,59
jQuery Once,javascript,162
Marketo,analytics,552
SoftLayer DNS,ns,25
CloudFront,cdn,1551
Drupal,cms,199
jQuery Cookie,javascript,637
Apache,Web Server,2162
OpenSSL,Server,288
Microsoft Exchange Online,mx,763
Softlayer,hosting,94
Marketo Mail,mx,484
Device Width,css,2205
jQuery UI,javascript,1360
jQuery Form,javascript,988
FlexSlider,javascript,406
Amazon,hosting,1486
247 Inc,widgets,1
Drupal 7,cms,123
Froogaloop,javascript,287
Microsoft Azure DNS,mx,838
AppNexus Segment Pixel,ads,635
Facebook for Websites,javascript,2457
Amazon Elastic Load Balancing,hosting,268
Apple Mobile Web Clips Startup,mobile,53
Apple Mobile Web App Capable,mobile,565
IPhone / Mobile Compatible,mobile,686
Apple Mobile Web App Status Bar Style,mobile,291
KISSmetrics,analytics,145
XiTi,analytics,3
AT Internet,analytics,3
Google Tag Manager,widgets,1674
CKEditor,widgets,136
Chango,ads,8
Yahoo Small Business,ads,594
Trustwave SSL,ssl,12
Device Pixel Ratio,css,2696
Optimizely,analytics,627
Google Conversion Tracking,analytics,1453
Google Remarketing,ads,934
ATInternet,analytics,2
Office 365 Mail,mx,667
Engagio,analytics,55
Mailgun,mx,510
DMARC,mx,669
Link Share,ads,6
mediaFORGE,ads,2
The Trade Desk,ads,171
Facebook Custom Audiences,ads,1797
Media Innovation Group,ads,48
Insightera,analytics,59
Amazon Virginia Region,hosting,638
jQuery 1.8.3,javascript,246
SpotXchange,ads,34
Hotjar,analytics,626
Adobe Audience Manager Sync,ads,86
DemDex,ads,105
Google Optimize 360,analytics,101
CentOS,Server,211
Apache 2.4,Web Server,772
OpenSSL 1.0.1,Server,237
GoDaddy DNS,ns,563
Zendesk,mx,894
Modernizr,javascript,2168
jQuery Cycle,javascript,258
Fonts.com,widgets,137
Linode,hosting,118
YouTube,media,1061
Wordpress Daily Activity,cms,181
Pardot,analytics,336
Pardot Mail,mx,349
SparkPost,mx,84
LetsEncrypt,ssl,324
LinkedIn Ads,ads,570
Bizo Insights,analytics,317
Bizo,ads,605
IPv6,Server,387
Dedicated Hosting,hosting,1223
LinkedIn Insights,analytics,623
Inspectlet,analytics,150
Symantec.cloud,mx,28
AdRoll,ads,832
Openads/OpenX,ads,592
Rapleaf,analytics,544
IponWeb BidSwitch,ads,461
Pubmatic,ads,698
Rubicon Project,ads,784
Index Exchange,ads,379
Twitter Conversion Tracking,analytics,290
Bing Universal Event Tracking,analytics,316
Twitter Website Universal Tag,analytics,290
LiveRamp,analytics,542
ONE by AOL,ads,56
GStatic Google Static Content,cdn,2824
GoDaddy SSL,ssl,560
Dyn DNS,ns,235
Apache Tomcat Coyote,Web Server,187
GoDaddy,hosting,190
ASP.NET,framework,714
ASP.NET Ajax,framework,214
ASP.NET 4.0,framework,404
Kentico,cms,16
Marketo Forms,widgets,314
IIS 8,Web Server,400
IIS,Web Server,633
Hello Bar,widgets,98
China Telecom,hosting,1
Symantec VeriSign,ssl,71
China Ministry of Public Security,widgets,1
Baidu Maps,mapping,1
Baidu Analytics,analytics,14
Pound Sterling,payment,270
Workplace by Facebook,cms,461
China Unicom,hosting,3
Yahoo User Interface,javascript,281
SWFObject,javascript,207
Adobe Active Content,javascript,26
AC_OETags,javascript,12
Ubuntu,Server,880
Apache 2.2,Web Server,493
jQuery 1.11.0,javascript,243
Google Hosted jQuery UI,javascript,322
Wistia,media,493
jQuery CDN,cdn,709
Shockwave Flash Embed,framework,110
CDN JS,cdn,1138
MSN/Bing Webmaster,Web Master,528
Font Awesome,widgets,2397
Contact Form 7,widgets,846
SumoMe,widgets,372
RequireJS,javascript,787
Visual Composer,widgets,539
Dollar Photo Club,widgets,9
SMTP.com,mx,15
Google Cloud,hosting,324
DoubleClick Bid Manager,ads,535
SharpSpring,analytics,22
Mux,media,166
jQuery Validate,javascript,604
Google Cloud Storage,cdn,55
GeoTrust SSL,ssl,593
RapidSSL,ssl,467
Pingback Support,feeds,1646
Rackspace DNS Cloud,ns,56
New Relic,analytics,1051
Content Delivery Network,CDN,194
Microsoft,hosting,137
Mandrill,mx,778
Freshdesk,mx,128
BootstrapCDN,cdn,1362
Recurly Mail,mx,47
Salesforce SPF,mx,212
AddThis,widgets,441
Microsoft Azure,hosting,92
Microsoft Azure Europe North Region,hosting,7
Postmark,mx,164
CrazyEgg,analytics,474
matchMedia,javascript,395
Hubspot,analytics,845
BannerFlow,ads,1
Material Design Lite,javascript,7
Heroku Proxy,framework,348
Resolution,css,1411
Microsoft SSL,ssl,10
jsDelivr,cdn,318
WebEx Panel,cms,373
Intercom,widgets,616
Hubspot Forms,analytics,585
Ruby on Rails Token,framework,1058
Google JS Api,javascript,282
Salesforce Desk,cms,68
ASP.NET MVC,framework,202
Moment JS,javascript,636
Highcharts,javascript,166
Google Hosted AngularJS,javascript,99
Underscore.js,javascript,184
Typeahead.js,javascript,62
Angular JS v1,javascript,99
Raygun,analytics,17
TraceKit,javascript,29
Microsoft Azure Blob Storage,cdn,48
Facebook Sharer,widgets,422
Leadin,analytics,303
Uberflip,ads,47
Pinterest,widgets,300
Euro,payment,294
Autoptimize,widgets,114
Amazon Route 53,ns,1462
YouTube IFrame Upload,widgets,256
Amazon CloudFront,cdns,473
Alexa Metrics,analytics,55
Alexa Certified Site Metrics,analytics,56
NotifySnack,widgets,1
BannerSnack,ads,2
English HREF LANG,language,866
German HREF LANG,language,329
Spanish HREF LANG,language,285
French HREF LANG,language,334
YouTube IFrame API,media,256
GetSiteControl,widgets,27
Amazon SES,mx,301
reCAPTCHA,widgets,537
MailChimp SPF,mx,403
core-js,javascript,255
Babel,javascript,178
WP Polls,widgets,13
Click To Tweet for WordPress,widgets,95
All in One SEO Pack,widgets,234
Schema Theme,framework,1
Q2W3 Fixed Widget,widgets,48
Gravatar Profiles,widgets,300
Webpack,javascript,395
Zendesk Dropbox,widgets,445
Zendesk Embeddables,widgets,153
Help Scout,mx,131
Express,framework,324
Microdata for Google Shopping,widgets,103
Readme.io,cms,29
Cowboy,Web Server,227
Ghost,cms,46
Ghost 0.7,cms,11
GoDaddy Email,mx,83
yepnope,javascript,1043
Wordpress Monthly Activity,cms,446
Drip,analytics,53
Copyright Year 2015,copyright,80
Facebook Pixel,analytics,988
jQuery 1.9.1,javascript,328
Microsoft Azure Asia South East Region,hosting,2
Zoho Mail,mx,36
nginx 1.8,Web Server,146
tawk.to,widgets,55
Google Maps API,mapping,584
Google Maps,mapping,797
jQuery Masonry,javascript,988
Classie,javascript,260
OSS CDN,cdn,514
Manual,framework,5
Fizzy UI Utils,javascript,449
Wordpress 4.6,cms,183
OWL Carousel,javascript,149
Heap,analytics,176
jQuery QTip,javascript,104
jQuery Metadata,javascript,40
IE6 Update,widgets,7
jQuery 1.6.4,javascript,25
J2EE,framework,354
PNG Fix Tile Background,javascript,8
WP Super Cache,widgets,169
jQuery prettyPhoto,javascript,513
Slider Revolution,widgets,458
Hover Intent,javascript,177
Rackspace Email Hosting,mx,87
ThemePunch,widgets,509
Rackspace,hosting,245
carouFredSel,javascript,164
Infinite Scroll,javascript,75
Isotope,javascript,208
Avada,framework,101
jQuery Placeholder,javascript,240
Network Solutions DNS,ns,47
GSAP,javascript,710
Wordpress 4.7,cms,857
Copyright Year 2013,copyright,12
HubSpot COS,cms,349
Stackoverflow CDN,cdn,343
HubSpot Vex,widgets,160
CloudFlare,cdn,487
Swipe JS,javascript,189
touchSwipe,javascript,153
jQuery Throttle Debounce,javascript,42
jQuery Mousewheel,javascript,297
Lazy Load for JQuery,javascript,42
Wordpress 4.2,cms,56
nginx 1.2,Web Server,43
Mixpanel,analytics,524
Google Analytics Enhanced Link Attribution,analytics,176
DigiCert SSL,ssl,340
Branch,analytics,11
Demandbase,analytics,143
Bizible,analytics,90
Rollbar,widgets,79
HTML5 History API,javascript,189
Taboola,ads,201
Better WordPress Minify,widgets,62
Salient,framework,68
MediaElement.js,media,361
SuperFish,javascript,223
The SEO Framework,widgets,6
MooTools,javascript,88
Freshdesk Support,cms,43
PrismJS,javascript,73
Twitter Timeline,widgets,284
Parse,javascript,2
Cloudinary,cdn,43
Rackspace DNS,ns,50
Campaign Monitor,mx,51
Olark,widgets,273
Trustpilot Service,mx,10
Amazon Sydney Region,hosting,7
Google Analytics Event Tracking,analytics,484
jQuery NoConflict,javascript,381
Google Hosted Web Font Loader,javascript,322
jQuery 1.4.2,javascript,126
Unbounce,cms,41
WebFont Loader,javascript,226
Trustpilot,analytics,13
MaxCDN Verified CDN,cdns,71
EssentialSSL,ssl,135
Comodo SSL,ssl,913
Comodo Essential SSL WildCard,ssl,125
BuySell Ads,ads,2
FastMail,mx,10
CloudFlare Hosting,hosting,386
EasyDNS,ns,29
GrooveHQ Mail,mx,27
React,javascript,393
PHP 7,framework,136
WordPress Grid,cdn,404
JetPack,widgets,342
Thickbox,widgets,80
WP-Syntax,widgets,18
Atom,feeds,371
jQuery Easing,javascript,602
Stumbleupon,widgets,20
W3 Total Cache,widgets,262
Social Media Widget,widgets,18
BuzzBlog,framework,1
Thawte SSL,ssl,84
TrendMicro Email Services,mx,3
Facebook Tag API,analytics,233
Yandex Verification,Web Master,62
Google Maps for Work,mapping,148
Yandex Metrika,analytics,80
Facebook CDN,cdn,254
Magnific Popup,javascript,239
Disqus,widgets,369
Disqus Comment System for WordPress,widgets,233
MailChimp,widgets,270
RawGit,cdn,78
WordPress Weekly Activity,cms,416
Head JS,javascript,45
Backbone.js,javascript,357
jQuery 2.0.3,javascript,54
Starfield Technologies,ssl,42
Modernizr 2.7,javascript,105
Wordfence,widgets,242
Visual Website Optimizer,analytics,206
Infusionsoft,analytics,32
Facebook Like,widgets,256
Woopra,analytics,70
Facebook Like Button,widgets,332
LinkedIn Platform API,javascript,397
LinkedIn Share Plugin,widgets,129
easyXDM,javascript,52
Amazon Elastic Beanstalk,hosting,48
Respond,javascript,266
Zendesk Link,link,12
Digital Ocean,hosting,131
nginx 1.6,Web Server,116
iTracker360,analytics,4
Copyright Year 2016,copyright,294
Drift,widgets,106
ClickFunnels,analytics,14
Digg Digg,widgets,25
Vimeo CDN,cdn,354
Segment,analytics,338
Autopilot,analytics,65
Autopilot SPF,mx,65
Intercom Mail,mx,215
OptinMonster,widgets,158
Google Analytics Dashboard for WordPress,widgets,120
Akismet Non Hosted,widgets,26
Add to Any,widgets,115
Akismet,widgets,24
Masked Input,javascript,92
jQuery 1.11.1,javascript,347
Debian,Server,109
Modernizr 2.6,javascript,213
iubenda,widgets,9
Clicky,analytics,82
Pmetrics,analytics,68
Wordpress 4.4,cms,110
Bezeq International,hosting,3
Foundation,framework,191
jQuery Countdown,javascript,88
jQuery Waypoints,javascript,508
WP Retina 2x,widgets,41
Celtra,ads,1
jQuery Custom Content Scroller,javascript,60
Varnish,Web Server,392
InternetBorder DNS,ns,2
WPML Multilingual,widgets,197
Gravity Forms,widgets,157
Slick JS,javascript,293
Chinese HREF LANG,language,114
Comodo InstantSSL,ssl,8
Inbenta,widgets,6
Smart App Banner,widgets,211
Sentry,javascript,177
Genesis Framework,framework,83
Django CSRF,framework,113
BlueKai,ads,130
CloudFlare DNS,ns,455
Ensighten,widgets,21
CakePHP,framework,17
Freshdesk Chat,widgets,21
JSON 3,javascript,107
Comodo SSL Wildcard,ssl,37
BlueKai DMP,ads,104
Mustache,javascript,64
Weebly,cms,6
Customer.io Mail,mx,79
Snowplow,analytics,58
Customer.io,analytics,35
Braintree,payment,28
Amplify JS,javascript,7
Toastr,javascript,47
ng-file-upload,javascript,24
WizRocket,analytics,4
Pingdom RUM,analytics,123
jQuery 1.7.1,javascript,415
Amazon Elastic Load Balancing Stick Session,widgets,234
Google AdSense Custom Search Ads,ads,55
Google Adsense,ads,124
Google Custom Search,widgets,109
Google API,javascript,700
Twitter CDN,cdn,408
Discourse,cms,35
Mousetrap,javascript,42
Handlebars,javascript,192
Akamai Edge,cdns,132
Clinch,ads,1
jQuery BlockUI,javascript,123
Backstretch,javascript,63
geoPlugin,widgets,6
Tengine,Web Server,7
JSON,javascript,78
DoubleClick Floodlight,analytics,120
Intermedia,mx,27
NSONE,ns,32
ClearSlide,mx,24
Instagram Feed for WordPress,widgets,18
Simple Lightbox,widgets,17
Lotame Crowd Control,analytics,159
Download Monitor,widgets,51
Essential Grid,widgets,41
Dotomi,analytics,4
ie7-js,javascript,27
Akamai DNS,ns,52
Level 3 Communications,hosting,20
Akamai Hosted,hosting,155
Conversant,ads,7
Advertising.com,ads,61
comScore,analytics,232
Eloqua,analytics,100
LiveValidation,widgets,21
Retina JS,javascript,170
GlobalSign,ssl,140
Equal Heights,javascript,13
Ipinfo IO,widgets,3
Media.net,ads,12
MasterSlider,widgets,28
Twitter Follow Button,widgets,174
ShareThis,widgets,254
Wordpress 4.1,cms,24
SingleHop,hosting,37
jQuery BBQ,javascript,45
Formidable Pro Form,widgets,35
Easy Twitter Feed Widget Plugin,widgets,16
Easy Fancybox,widgets,68
CPanel SSL,ssl,43
IE Pinning,javascript,44
IE SiteMode,widgets,33
Enfold,framework,56
Proofpoint,mx,35
Nucleus,hosting,2
Parallels Plesk Panel,Server,89
Twenty Fourteen,framework,5
Endurance International,hosting,4
Bizland,hosting,2
LinkedIn Follow Company Plugin,widgets,37
Intergenia,hosting,2
jQuery Star Rating,javascript,27
Ninja Forms,widgets,17
Fotorama,widgets,14
Krux Digital,analytics,49
Wordpress 4.5,cms,145
Mobile Optimized,mobile,331
Nette Framework JS,javascript,6
Whois Visiting,analytics,28
Modernizr 2.5,javascript,23
jQuery 1.6.2,javascript,50
jQuery Unobtrusive Ajax,javascript,17
Zencoder CDN,cdn,59
WP PageNavi,widgets,82
selectivizr,javascript,84
Google Plus One Platform,widgets,280
Google Plus One Button,widgets,216
Kenshoo,analytics,12
Google Postini Services,mx,14
Eloqua Mail,mx,24
AddThisEvent,widgets,7
URI js,javascript,23
Facebook Conversion Tracking,analytics,77
Tapad,ads,112
Crosswise,ads,148
Smartling,widgets,1
MailJet,mx,65
GitHub Gist,widgets,7
Blogger,cms,28
Gist,widgets,36
Zemanta,widgets,60
Glassdoor,widgets,4
GitHub Hosting,Server,107
Fastly,analytics,198
Kiosked,shop,1
Facebook Like Box,widgets,64
Google Identity Platform,widgets,327
Amazon Ireland Region,hosting,120
SALESmanago,analytics,6
Parsley.js,javascript,83
mod_pagespeed,Server,90
Google PageSpeed Module,framework,90
EZ Publishing,mx,6
SiteOrigin Panels,widgets,57
Skrollr,javascript,180
Bombora,analytics,53
VisiStat,analytics,36
Amazon Oregon Region,hosting,121
Namecheap DNS,ns,65
jQuery UI Tabs,javascript,46
WordPress 3.6,cms,7
Tweet for jQuery,javascript,30
WordPress Popular Posts,widgets,79
Nanigans,ads,4
ClickTale,analytics,25
TRUSTe,widgets,77
EdgeCast Networks,cdns,25
Yet Another Related Posts Plugin,widgets,53
Shutterstock,widgets,210
ToutApp,analytics,31
Ruby on Rails,framework,548
Name.com DNS,ns,16
Adform,ads,9
Squarespace,cms,80
Natify,ads,3
CryptoJS,javascript,64
eXelate,ads,122
ContextWeb,ads,33
Turn,ads,67
Aggregate Knowledge,ads,120
Datonics,ads,36
Simpli.fi,ads,43
Lijit Widget,widgets,29
Amazon Frankfurt Region,hosting,11
Facebook Graph API,javascript,176
UltraDNS neustar,ns,53
LESS,javascript,36
Codero,hosting,1
Zopim,widgets,182
SiteScout,ads,13
LeadPages,cms,14
Packery,javascript,107
Recurly JS,payment,20
Optimize Press,widgets,17
Flowplayer,media,34
Signal,analytics,80
Yahoo Tag Manager,analytics,3
gandi.net DNS,ns,61
Colt,hosting,4
OVH Mail,mx,19
Microsoft Ajax Content Delivery Network,cdn,105
NetElixir,analytics,1
CSS Browser Selector,javascript,15
Amazon California Region,hosting,75
Comodo PositiveSSL,ssl,622
iZooto,widgets,4
WP Video Lightbox,widgets,93
jQuery ScrollTo,javascript,207
Netmining,analytics,4
IgnitionOne,analytics,3
Salesforce,analytics,112
nginx 1.4,Web Server,304
Greenhouse,cms,69
Cardlytics,analytics,2
MaxCDN,cdn,121
Google Chrome Frame Popup,widgets,39
NetSeer,ads,1
Web of Trust,widgets,30
Tiny Carousel,javascript,6
VisualDNA,analytics,4
WordPress Testimonials Widget,widgets,14
Widgetkit by YOOtheme for WordPress,widgets,8
Datalogix,analytics,85
Neustar AdAdvisor,ads,46
Dstillery,ads,52
Corbis,widgets,1
Rocket Fuel,ads,97
Eyeota,ads,90
Cross Pixel Media,analytics,71
OwnerIQ,analytics,80
RUN Ads,ads,47
InsightExpress,analytics,38
Reddit,widgets,44
IIS 7,Web Server,273
JCarousel,javascript,70
Adobe CQ,cms,28
Nielsen//NetRatings,analytics,7
Google Charts,widgets,6
Unix,Server,136
Omniture SiteCatalyst,analytics,107
Microsoft Personal Web Server,Web Server,4
Omniture Adobe Test and Target,analytics,46
Adobe CQ Analytics,analytics,21
Adobe Dynamic Tag Management,analytics,60
Satellite,analytics,51
Varick Media Management,ads,2
Adobe Experience Manager,cms,22
Thai HREF LANG,language,28
Infogram,widgets,2
FormAssembly,widgets,1
CyrusOne,hosting,15
Adobe Marketing Cloud,analytics,35
Typography,widgets,122
Drawbridge,ads,14
ExactTarget Email,mx,13
Q4Web,cms,9
ASP.NET 2.0,framework,56
Apache Tomcat JK,Server,11
OpenLayers,mapping,3
Jetty,Web Server,27
Media Temple,hosting,43
Enfold,framework,15
Cvent,widgets,19
zepto.js,javascript,66
OpenResty,framework,36
Hetzner,hosting,76
Braintree Mail,mx,59
D3 JS,javascript,135
Offline JS,widgets,2
Braintree v.zero,payment,12
Braintree v2,payment,12
jsTimezoneDetect,javascript,48
Crayon Syntax Highlighter,widgets,53
Crayon Syntax Highlighter,widgets,57
Squarespace Hosted,hosting,40
Squarespace Commerce,shop,46
TalentBrew,widgets,7
Boomerang,javascript,17
Bounce Exchange,ads,11
Style Switcher,javascript,12
Hatena,widgets,2
Adobe Dreamweaver,framework,51
Red Hat Enterprise Linux,Server,50
Piwik Web Analytics,analytics,126
Yoast Google Analytics for WordPress,widgets,79
WP Missed Schedule,widgets,31
Rackspace CDN,cdn,75
Getty Images,widgets,51
Zedo,ads,3
Specific Media,ads,2
Fireclick,analytics,1
PNG Fix,javascript,21
myThings,ads,4
Digital River,shop,5
Criteo,ads,37
Convertro,analytics,13
Tealium,widgets,34
Fetchback Retargeting,ads,3
SiteStudio,cms,2
Shadowbox,javascript,25
cuf√≥n,javascript,54
BIG-IP,Web Server,76
IIS 6,Web Server,26
Improve Digital,ads,22
Maxymiser,analytics,9
Evidon,ads,7
Oracle RightNow,widgets,5
TripleLift,ads,5
DataTables,javascript,102
Joomla!,cms,39
Classic ASP,framework,59
Tealium UTAG,analytics,28
Criteo OneTag,ads,21
Cordial,javascript,1
Omnitag,ads,2
Teads,ads,2
YUI3,javascript,30
XO Communications,hosting,5
Yahoo CDN,cdn,12
Thomson Reuters Multimedia Center,media,7
Thomson Reuters Corporate Solutions,cms,12
Oracle Dynamic Monitoring Service,framework,2
Bugsnag,widgets,202
Phusion Passenger,Web Server,140
CloudFlare SSL,ssl,282
OneSignal,widgets,28
Comodo PositiveSSL Wildcard,ssl,212
Laravel,framework,71
Amplitude,analytics,77
Liquid Web,hosting,42
Lead Forensics,analytics,89
Lets Blog,framework,1
Gravity Forms Placeholders,widgets,14
Adobe Connect,widgets,127
GoSquared,analytics,26
Blog Engine,cms,1
Google FeedProxy,feeds,24
WordPress 3.5,cms,14
Adobe ColdFusion,framework,35
CodeIgniter,framework,46
Silverpop,analytics,10
Wordpress 3.9,cms,35
jPlayer,media,32
Recent Tweets Widget for WordPress,widgets,24
UberMenu,widgets,44
Super RSS Reader for WordPress,widgets,3
BeTheme,framework,15
UK Cookie Consent,widgets,21
DaddyAnalytics,analytics,6
Uniform,javascript,71
FullCalendar,widgets,22
BlueHost,hosting,27
GratisDNS,ns,5
Chartist JS,javascript,10
Selectize,javascript,25
Dublin Core,feeds,76
Craft,cms,20
Vue,javascript,20
Lever,widgets,36
qTranslate,widgets,23
Salesforce Desk Link,link,9
Table of Contents Plus,widgets,38
Perfect Audience,ads,177
Mailcheck,javascript,44
FullStory,analytics,132
Keen IO,analytics,25
lodash,javascript,92
Marin Software,analytics,174
Castle,analytics,20
Formstack,widgets,7
Google Content Experiments,analytics,99
Brick,widgets,4
Fastly CDN,cdn,48
StatusPage IO,cms,138
easyDNS Mail,mx,2
Incapsula,hosting,31
Oktopost,analytics,29
Device Height,css,233
iCheck,javascript,15
TurboLinks,widgets,72
Xand,hosting,1
Barracuda Networks,mx,24
Freegeoip,widgets,39
Google Translate Widget,widgets,49
Modernizr 2.0,javascript,21
Socket.IO,javascript,33
WalkMe,widgets,13
CallRail,widgets,24
Shareaholic,analytics,62
Vidyard,media,47
AdStage,ads,7
SnapEngage,widgets,156
Are You a Human,widgets,36
Burst Media,ads,32
jQuery Mobile,javascript,33
GrooveHQ,cms,25
Mixpanel Partner,analytics,78
Auth0,widgets,13
Capterra,analytics,36
Anchor CMS,cms,1
jQuery 1.4.3,javascript,8
LiveChat,widgets,140
McAfee Secure,widgets,8
Tender,cms,7
Hueman,framework,6
Simple Share Buttons Adder,widgets,72
Sailthru,mx,11
jQuery Marquee,javascript,8
Grand Blog,framework,3
Calendly,widgets,24
Piklist,framework,4
Wordpress 4.3,cms,64
Google Closure,javascript,5
WebTrends Optimize,analytics,5
jQuery 1.5.1,javascript,25
Alternate Protocol,Server,7
Visa,payment,29
ZeroClipboard,widgets,111
PayPal,payment,31
Tiny MCE,widgets,24
UpToLike,widgets,2
Ulogin,widgets,1
Aidata,ads,1
KnockoutJS,javascript,54
Adnologies,ads,1
TradeDoubler,analytics,3
Fotolia,widgets,36
Reflected Networks,hosting,1
Browser-Update,widgets,46
Salesforce Live Agent,widgets,34
TrustLogo,widgets,10
DigiCert,widgets,10
Photo Gallery for WordPress,widgets,6
OneAll,analytics,12
jQuery Colorbox,javascript,243
Lightbox Plus,widgets,28
PrettyPrint,javascript,101
TrialPay,ads,1
BlueHost Mail,mx,13
jQuery Parallax,javascript,91
Startuply,framework,10
LayerSlider Responsive,widgets,220
Trueffect,ads,1
WP-SpamShield Anti-Spam,widgets,21
ECMAScript 5 Shim,javascript,73
Comodo PremiumSSL Wildcard,ssl,55
ZoneEdit,ns,7
Authorize.net,widgets,15
mod_ssl,Server,92
CallTrackingMetrics,analytics,11
Google Website Optimizer,analytics,3
Ooyala,media,12
Adobe TagManager,widgets,9
Fastly SSL,ssl,15
Google Analytics Enhanced Ecommerce,analytics,60
Amazon S3 CDN,cdns,5
Qualaroo,widgets,57
Transifex,widgets,4
Yahoo Web Analytics,analytics,73
Yahoo Image CDN,cdn,66
Yahoo Dot,analytics,61
Twilio,widgets,7
Tito,widgets,4
Contentful,cms,8
Imgix,widgets,25
Sift Science,analytics,15
Swiftype,widgets,19
LABjs,javascript,22
HighStocks,javascript,62
BugHerd,javascript,15
Hindi HREF LANG,language,10
DHL,shipping,7
UPS,shipping,16
La Poste,shipping,2
TNT,shipping,2
Twitter Counter,widgets,1
FreeBSD,Server,5
InfoWest,hosting,2
Google Hosted SWFObject,javascript,9
33 Across,analytics,3
Tynt Tracer,analytics,6
Steadfast,hosting,8
RoyalSlider,javascript,29
jQuery Tmpl,javascript,69
OVH,hosting,79
Divi,framework,105
Google Analytics IP Anonymization,analytics,52
Crisp,widgets,7
Gandi Standard SSL,ssl,46
Imonomy,ads,1
Wix,cms,11
Wix Premium,cms,11
Wix Non-Flash,cms,11
Google Publisher Tag,ads,35
Activetrail,mx,5
Infolinks,ads,2
Loggly,analytics,6
Atlassian JIRA Issue Collector,widgets,14
Pace,widgets,50
ExpressionEngine,cms,28
Swat,analytics,2
Inmobi,ads,1
Google Code Prettify,widgets,84
JIRA,cms,45
Atlassian Confluence,cms,49
Cloudflare Rocket Loader,analytics,31
Copyright Year 2014,copyright,24
Cedexis,analytics,18
SoundCloud,media,28
WebsiteBaker,cms,5
Imperia CMS,cms,3
Japanese Yen,payment,51
Dynatrace,analytics,27
Brown Paper Tickets,widgets,3
Schedulicity,widgets,1
Instagram API,widgets,17
Atlas,ads,30
HiChina DNS,ns,2
iPinYou,ads,1
StartSSL,ssl,17
OptiMonk,analytics,22
Post Affiliate Pro,ads,20
WordPress Stats,analytics,10
Markerly,ads,2
Digg,widgets,21
WhatsApp,widgets,9
Rooster,analytics,5
WordPress Related Posts,widgets,24
Ext JS,javascript,28
PR CO,link,4
MathJax,javascript,20
Act-On,analytics,89
Yii Framework,cms,26
Column Shortcodes,widgets,27
OVH DNS,ns,21
OVH SSL,ssl,4
Google Search Appliance,cms,32
Rainbow JS,javascript,10
Contact Form,widgets,9
Enquire JS,javascript,59
Google App Engine,hosting,49
UserVoice Mail,mx,52
Digital Ocean DNS,ns,26
FabricJS,javascript,2
Microsoft Adcenter,analytics,8
Bing Conversion Tracking,analytics,7
Limiter Modules,Server,89
Elision,framework,3
SearchForce,analytics,4
WordPress - Easy Social Share Buttons for WordPress ...,widgets,42
Rebound,framework,2
nginx 1.0,Web Server,16
Rackspace Cloud Servers,hosting,14
Explorer Canvas,javascript,168
WooCommerce,shop,161
WP Job Manager,widgets,30
Go Pricing,widgets,16
WooCommerce Checkout,shop,71
nginx 1.1,Web Server,37
Elastislide,javascript,17
Sellpoints,analytics,6
Commerce Sciences,analytics,3
Trustwave Seal,widgets,8
Adap.TV,ads,17
jQuery Validation Engine,javascript,51
Zendesk Feedback Tab,widgets,19
TCH International,hosting,1
Nginx Helper,widgets,2
Acxiom,analytics,2
Tiny Scrollbar,javascript,9
nginx 1.9,Web Server,102
Google Analytics Multiple Trackers,analytics,37
Mobilemenu,javascript,21
WP Paginate,widgets,23
Advanced Recent Posts Widget,widgets,2
Simple Share Buttons,widgets,6
WP Courseware,framework,2
Tribulant Slideshow Gallery,widgets,5
Toolbox,framework,1
jScrollPane,javascript,27
SiteWit,analytics,3
jQuery Corner,javascript,11
DAV,framework,54
Mouseflow,analytics,60
Google Hosted Angular Material,javascript,6
OpenSSL 1.0.0,Server,3
mod_ssl 2.2.25,Server,5
Alexa Verify,widgets,51
Bitly Verification,Web Master,15
NetSuite Mail,mx,23
Primefaces,framework,2
Fingerprint,javascript,16
JavaServer Faces,framework,9
KimSufi,hosting,1
Cookie Notice,widgets,41
WP Rocket,widgets,49
DKIM,mx,37
Materialize CSS,framework,23
WordPress 4.0,cms,24
Hetzner DNS,ns,12
AutoTrack,analytics,4
Google Analytics Ecommerce,analytics,32
Zen Internet,hosting,1
SelfCampaign,analytics,1
ADEX,ads,2
Facebook Pixel View Content,analytics,28
noUiSlider,javascript,10
Maestro,payment,2
NatCoWeb,hosting,1
Unified Layer,hosting,28
AffiliateWP,widgets,9
Semantic UI,framework,12
CleverReach Mail,mx,4
Google DNS,ns,54
Google Cloud DNS,ns,43
Comodo EV Multi-Domain,ssl,8
WordPress 3.3,cms,6
Google Analytics Custom Variables,analytics,5
Seeweb,hosting,1
77 Tracking,analytics,1
Thawte EV,ssl,1
Dyn,mx,32
1and1 DNS,ns,21
Sociomantic,ads,1
Sojern,ads,2
Solve Media,ads,1
Dojo Toolkit,javascript,18
Adblade,ads,6
netFactor - VisitorTracker,analytics,23
TablePress,widgets,77
WooCommerce 2.6,shop,11
AlphaSSL,ssl,65
Exclaimer,mx,8
osTicket,widgets,4
CodeMirror,widgets,43
JCarousel Lite,javascript,14
Navigator GeoLocation,mapping,8
Sina Weibo,widgets,7
Mimecast,mx,38
AuthSMTP,mx,25
Sprinklr,analytics,2
MaxMind,mapping,22
SyntaxHighlighter,javascript,37
Mashery API,cms,8
Pendo,analytics,20
Akamai SSL,ssl,3
SimpleModal,javascript,36
SteelHouse,analytics,13
jGrowl,javascript,19
Stripe,payment,194
Lucky Orange,analytics,17
WP Lightbox 2,widgets,18
WordPress Related Posts,widgets,19
Scribe,framework,2
Chatlio,widgets,16
Azure Edge,cdn,26
AMP Project,framework,51
Accelerated Mobile Pages,widgets,59
Yahoo Site Explorer,Web Master,38
Gandi,hosting,17
Monarch Social Sharing Plugin For WordPress,widgets,48
Unslider,javascript,10
Device JS,javascript,10
PhotoSwipe,widgets,9
Webair,hosting,2
jQuery Accordion,javascript,9
bbPress,widgets,36
Zayo,hosting,32
Dyn Hosting,hosting,33
lazySizes,javascript,30
PageLines,cms,5
Raphael,javascript,44
PointDNS,ns,9
SendOwl,analytics,1
Adobe Business Catalyst,cms,4
Evergage,analytics,10
jQuery 1.6.1,javascript,25
Sucuri Cloudproxy,framework,16
Algolia,widgets,74
AdsNative,ads,40
Dreamhost DNS,ns,21
DreamHost Hosting,hosting,23
FastClick,widgets,108
Reflexion,mx,4
Google Analytics Forced SSL,analytics,19
NetNames DNS,ns,3
Meteor,framework,21
Bridge,framework,34
Python 2.7,framework,14
Python,framework,22
Salesforce Communites,cms,33
DNSimple,ns,63
JW Player,media,58
Internap,hosting,26
StatCounter,analytics,36
GFI,mx,4
Salesforce Hosted,hosting,2
OpinionLab,analytics,8
AirPR,analytics,15
Adobe Target Standard,analytics,30
Tumblr,cms,4
HeyZAP,widgets,1
UserVoice,widgets,73
jQuery 1.8.0,javascript,36
Zoho SalesIQ,widgets,27
MediaMind,analytics,24
jQuery 1.4.4,javascript,36
Stream,widgets,29
jQuery 2.1.0,javascript,25
KnowHow,framework,14
Easy Table for WordPress,widgets,22
ServerBeach,hosting,2
PEER 1 Hosting,hosting,23
jResponse,javascript,23
InMotion Hosting,hosting,6
CPanel,cms,19
Page-list for WordPress,widgets,19
Dust,javascript,5
Chartbeat,analytics,44
ListenLoop,ads,7
LiveIntent,ads,2
Firebase,framework,22
Google SSL,ssl,4
elevio,widgets,15
Influitive,mx,34
SessionCam,analytics,14
Marionette.js,javascript,24
The Small Business Authority,hosting,2
Twenty Eleven,framework,11
WordPress 3.4,cms,7
CodePen,widgets,4
RadiumOne,ads,12
Jupiter,framework,48
ON24,widgets,13
Google Link Help,widgets,3
Shopify,shop,15
Shopify Conversions,shop,12
Shopify US Dollar,shop,12
Formilla,widgets,5
POWr,widgets,12
JivoSite,widgets,7
Facebook Login Button,widgets,8
HookLogic,ads,1
Rich Relevance,ads,1
Bizrate,widgets,3
Discover,payment,16
Trust Keeper,widgets,5
Savvis,hosting,12
Akamai Global Host,cdn,4
Emma Inc Email,mx,3
Host Europe,hosting,6
Adobe Muse,cms,6
Refined Ads,ads,1
mOxie,javascript,21
Startit,framework,6
InterNetworX DNS,ns,3
nginx 0.7,Web Server,7
Level3 CDN,cdns,2
Amazon Tokyo Region,hosting,5
Resonate Insights,ads,3
Sparkling,framework,13
Moat,analytics,6
RockerBox,ads,4
X Plus One,ads,5
Geniee,ads,12
Search Everything,widgets,2
Tube Mogul,media,14
Constant Contact Mail,mx,8
vBulletin,cms,12
vBulletin 4.x,cms,6
jQuery pngfix,javascript,10
Flash Detect,javascript,12
Imgur,widgets,67
Touchwipe,javascript,33
WordPress 3.8,cms,21
Gemius PL,analytics,3
RTB House,ads,2
Cookie Law Info,widgets,31
Skitter,javascript,1
Yadro BannerHost,ads,3
Siteheart,widgets,2
RTB System,ads,1
mod_ssl 2.2.15,Server,8
Leaflet,mapping,11
Leaflet JS,mapping,2
AdGear,ads,4
three js,javascript,6
JobVite Mail,mx,4
Japanese HREF LANG,language,8
Hugo,cms,16
Ipify,widgets,8
Datanyze,analytics,27
Triblio,analytics,12
Listrak Mail,mx,5
ATT,hosting,12
7search,ads,1
Site Meter,analytics,3
Mashshare,widgets,7
TownNews.com,widgets,3
TourBuzz,cms,1
Ticketfly,widgets,2
Google Calendar,widgets,7
Mixcloud,media,1
TicketWeb,widgets,1
Libsyn,media,5
Adobe Scene7,cms,3
Big Cartel,shop,1
Imgsafe,widgets,7
World Now,ads,2
Livestream,media,3
WeGotTickets,widgets,1
PHP Ads,ads,3
Perl,framework,35
Ning,widgets,3
GoDaddy CDN,cdn,15
Starwood Hotels,widgets,1
MediaWiki,cms,19
Microsoft Azure CDN,cdn,44
Turner CDN,cdn,5
JotForm,widgets,10
Acuity Scheduling,widgets,10
TicketLeap,widgets,1
South Korean Won,payment,2
Newscred,ads,4
ShopTab,shop,1
AutoScout24,ads,1
audioBoom,media,1
Flashtalking,ads,14
PayPal Button,payment,32
Application Request Routing,Web Server,23
BOA,Web Server,2
Google Web Server,Web Server,1
Mambo,cms,1
ConvertKit,analytics,5
H2O Webserver,Web Server,2
Google Analytics Anonymize IP,analytics,57
Bradler,hosting,1
Get Satisfaction,widgets,13
Get Satisfaction CMS,cms,6
Responsive Lightbox,widgets,52
Webshim Polyfill,javascript,11
Fiksu,ads,1
Feedburner Form,widgets,5
Slick,javascript,27
Gonzo,framework,2
WP UI,widgets,2
Prototype,javascript,102
Sprint,hosting,2
Fedora,Server,6
Flite,ads,1
Ultimate Posts Widget,widgets,13
Facebook Facepile,widgets,2
MapBox,mapping,19
Django Language,framework,7
G2 Crowd Conversion,analytics,102
Active Conversion,analytics,2
Campaign Monitor Widget,widgets,34
jQuery Reveal,javascript,17
jQuery 1.2.6,javascript,12
eNom DNS,ns,16
PayPal Form,payment,19
Del.icio.us,widgets,6
Technorati Favourite,widgets,3
Comodo EV,ssl,16
WisePops,widgets,9
Twitter Embedded Tweets,widgets,51
Giphy,widgets,5
Simple Ads Manager for WordPress,widgets,3
jQuery Highlight,javascript,13
jQuery Tooltip,javascript,37
Google Chrome Webstore Application,widgets,103
Keywee,analytics,5
Errorception,widgets,22
HostGator DNS,ns,11
Google Hosted Three JS,javascript,2
Wufoo,widgets,38
Resumator Link,link,7
AddNow,widgets,2
Ptengine,analytics,6
AdRotate for WordPress,widgets,7
Sharebar for Wordpress,widgets,1
PageFair,analytics,1
TellApart,analytics,13
pjax,javascript,7
UIkit,javascript,26
Fingerprint2,javascript,44
Heroku SSL,ssl,55
UserVoice Helpdesk,cms,35
Stocksy,widgets,20
Phlaunt,ads,2
Gentoo Linux,Server,14
Greenhouse MX,mx,2
Atlantic Metro Communications,hosting,2
Wix DNS,ns,6
Wix Stores,shop,1
nv3d,javascript,16
Amazon Singapore Region,hosting,22
jQBrowser,javascript,20
Honeybadger,analytics,8
Privy,widgets,15
Peppy,javascript,9
Conversio,analytics,2
Elastic Email,mx,26
Zephyr,framework,14
013 NetVision,hosting,4
LeadChat,widgets,3
Instansive,widgets,4
FeedGrabbr,widgets,2
Google Adsense Asynchronous,ads,31
Apple Auto Link Maker,ads,6
PushCrew,widgets,24
PHSDL Spam Filter,widgets,10
Refersion,analytics,7
Google Web Toolkit,framework,17
Colo4,hosting,8
Heroku,hosting,20
BrightInfo,analytics,18
History JS,javascript,28
HTML5 Mobile Boilerplate,javascript,9
Form Maker,widgets,7
MailMunch,analytics,17
Critsend,mx,6
EdgeCast Networks Hosting,hosting,5
DigiCert EV,ssl,1
Pusher,framework,27
ResponseTap,ads,6
Weborama,ads,3
Videology,ads,13
TidalTV,media,12
Efficiency Network,ads,2
EasyDMP,ads,1
CRM4D,ads,1
Eperflex,analytics,2
DailyMotion Video,media,5
Graphium,ads,1
Alertify JS,javascript,12
Parse.ly,analytics,8
LKQD,media,1
Contact Form 7 Datepicker for WordPress,widgets,4
Unicon,framework,3
Mollom,widgets,15
Marketizator,analytics,8
HostGator,hosting,9
Yahoo DNS,ns,6
Yahoo! Business Email,mx,7
Yahoo,hosting,5
ForeSee Results,analytics,4
VoiceFive,analytics,1
Level3,cdn,1
Mediaplex,ads,7
Brightcove,media,39
SimpleReach,widgets,5
Yahoo Ad Sync,ads,4
DoubleVerify,ads,2
Placed,analytics,2
Canada Post,shipping,3
Avid,ads,1
Invite Media,analytics,3
Twitter Widget,widgets,16
WP RSS Multi Importer,widgets,5
Fontdeck,widgets,8
Yieldmo,ads,1
Pure Chat,widgets,30
WP Easy Columns,widgets,12
Site5,hosting,1
OpenSSL 0.9.8,Server,33
WebsPlanet,cms,1
Atlas Action Tags,analytics,7
Azalead,analytics,10
Accengage,widgets,1
Passive Localization,javascript,13
Acquisio,analytics,2
Drupal Version 7.3x,cms,5
Dropbox,widgets,13
JobVite,widgets,7
Facebook Exchange FBX,ads,4
AcuityAds,ads,2
Sekindo,ads,2
Nexage,ads,2
Choopa,hosting,7
Murmur Hash,javascript,10
ClientJS,javascript,2
Adacado,ads,1
BlueHost DNS,ns,21
Floating Social Media Icon,widgets,2
Pandora Box,framework,2
OpenTable,widgets,1
Authy,widgets,3
Right Media,ads,1
Twenty Fifteen,framework,12
A Better Browser,widgets,11
TrenDemon,analytics,18
Usersnap,widgets,6
Custom Community,framework,1
Base2,javascript,1
TransIP Hosted,hosting,4
TransIP DNS,ns,8
Formalize CSS,javascript,12
Adcrowd,analytics,1
Ionic,framework,36
Adelphic,ads,2
Combres,framework,2
Linode DNS,ns,21
JayNet,hosting,1
Nianet,hosting,1
BlueTie,mx,2
LeaseWeb,hosting,7
Zarget,analytics,20
WordPress Download Manager,widgets,9
Nimble,framework,2
iContact Mail,mx,7
Taleo,cms,6
adingo,ads,34
WordPress 3.2,cms,4
BuzzFeed.,widgets,1
amCharts,widgets,12
adlucent,ads,2
Janrain,widgets,8
jQuery Tools,javascript,87
Admantx,ads,1
YouTube Advanced by Embed Plus,widgets,29
Tumblr Buttons,widgets,5
Google Plus One Share Button,widgets,12
Google Plus Embedded Posts,widgets,24
LaunchRock,cms,6
jQuery 2.1.1,javascript,72
Twenty Twelve,framework,31
MailerLite,analytics,4
Mailite Lite,analytics,4
Improvely,analytics,9
AdNgin,ads,1
Oracle CX,mx,3
Adobe Systems,hosting,1
iPerceptions,analytics,5
LivePerson,widgets,54
Collective Media,ads,6
Everest Technologies,analytics,11
Magnetic,ads,12
Choice Stream,ads,1
AOL-Time Warner Online Advertising,ads,12
Tribal Fusion,ads,2
Filepicker.io,widgets,16
ExoClick,ads,1
Gaug.es,analytics,18
Web Brick,Web Server,10
SatisMeter,widgets,12
LeadsRX,ads,7
WP Socializer,widgets,1
Gumby,framework,5
Wiredminds Web Analytics,analytics,9
jQuery bPopup,javascript,8
TrackJS,javascript,29
Net-Results,analytics,7
Uncode,framework,19
DNS Pod,ns,1
WoSign,ssl,2
Bootcss,cdn,6
Say DuoShuo,widgets,1
CNZZ,analytics,3
Ember,javascript,21
Tablesorter,javascript,29
Vine Embed,widgets,14
Kendo UI,framework,12
TipTip JQuery,javascript,12
Ahalogy,widgets,1
1and1,hosting,23
1and1 Email Solutions,mx,11
FusionCharts,widgets,10
Kallyas,framework,4
Vipers Video Quicktags,widgets,12
Shadowbox JS for WordPress,widgets,7
BJ Lazy Load for WordPress,widgets,11
Hivelocity Hosting,hosting,6
Umbraco,cms,12
Adconion,ads,2
MasterCard,payment,25
AOL DNS,ns,2
PubExchange,ads,1
Vidible,ads,3
Morning Star,widgets,1
iStockPhoto,widgets,6
Entrust SSL,ssl,14
SkimLinks,ads,9
AOL,hosting,2
Open AdStream,ads,3
eBay Partner Network,ads,1
Cart Functionality,shop,35
The Small Business Authority DNS,ns,1
Newtek Technology Services,mx,1
Outbrain,ads,8
Google Analytics Social Interactions,analytics,5
AppBoy,analytics,2
SplashThat,cms,4
SimplyScroll,javascript,8
Iconic JS,javascript,2
FedEx,shipping,15
Canvas Theme,framework,4
WooFramework,framework,10
jQuery History,javascript,30
Blubrry,media,2
Spreaker,media,1
Quicktime,media,3
CanJS,framework,2
RealtyTrac,cms,1
One.com,hosting,7
SizzleJS,javascript,34
script.aculo.us,javascript,86
WebObjects,cms,2
Citrix NetScaler,Web Server,7
Apple Pay,payment,4
iTunes Widgets,widgets,1
Modernizr 1.7,javascript,12
JBoss,Web Server,12
Heatmap IT,analytics,18
Appnext,ads,1
NodeBB,cms,1
Events Manager for WordPress,widgets,9
American Express,payment,15
WordPress VIP,cms,5
BatCache,widgets,17
WordPress Hosting,hosting,4
WebTrends,analytics,21
AudienceScience,ads,4
Nevada,framework,5
Polyfill IO,javascript,23
JangoMail,mx,11
Social Media Feather for WordPress,widgets,10
Tsohost,hosting,5
HostEurope DNS,ns,17
Bloodhound Typeahead,javascript,46
ExactDrive,ads,1
Sitestat,analytics,2
Verisign DNS,ns,18
Retention Science,analytics,1
Infectious Media,ads,1
Content Square,analytics,2
HP TeamSite,cms,2
Google Adsense for Search,ads,33
jQuery 1.3.2,javascript,41
Decibel Insight,analytics,9
Amazon Ad System,ads,5
Amazon Associates,ads,11
Return Path,mx,11
No-ip,ns,7
eyeReturn,ads,1
jQuery 1.4.1,javascript,15
AppRiver,mx,14
Benchmark Mail,mx,4
Yieldlab,ads,6
Newsmag,framework,1
IS internedservices,hosting,1
jQuery Autocomplete,javascript,57
MyBuys,ads,2
GumGum,ads,9
Mexin,framework,1
VoiceStar AdTrack,analytics,3
jQuery UI Touch Punch,javascript,6
Feedblitz,feeds,2
WP-Email,widgets,6
SwitchNAP,hosting,2
Nivo Slider,javascript,34
WP Nivo Slider,widgets,1
Q4 Web Systems,mx,7
AdsMarket,ads,1
Matomy,ads,2
Anti-spam for WordPress,widgets,12
Hupso Toolbar,widgets,4
Taxonomy Images,widgets,8
Sitecore CMS,cms,15
Investis,cms,1
jqPlot,javascript,7
ReachForce,analytics,31
Google Hosted Dojo,javascript,3
AddEvent,widgets,10
Cookie Control,widgets,8
jQuery 1.9.0,javascript,30
http.net Internet,hosting,2
WOW Analytics,analytics,8
Microsoft DNS,ns,7
Microsoft Azure US South Region,hosting,3
Microsoft Azure US East Region,hosting,17
Soasta mPulse,analytics,7
Nested,javascript,1
Orchard,cms,7
Odnoklassniki,javascript,2
Optify,analytics,4
YouVisit,media,1
jQuery 1.8.1,javascript,30
Microsoft Azure Websites,cms,1
Placehold IT,framework,22
VK,javascript,6
SpyLog,analytics,1
Microsoft Application Insights,analytics,27
Microsoft Translator,widgets,3
Map Point,mapping,4
Microsoft Office SharePoint,framework,11
Lazy Load,javascript,41
Intergi,ads,1
Sequence,javascript,4
AB Tasty,analytics,12
Bing Maps,mapping,4
Silverlight,framework,6
Bing Search Bootstrap,widgets,1
Visual Studio,framework,19
Microsoft Advertising,ads,1
CPMStar,ads,2
PriceSpider,analytics,1
Efficient Frontier,analytics,5
Hammer JS,javascript,10
jQuery 1.6.3,javascript,4
Hover,hosting,1
OpenSRS,hosting,1
WP to Twitter,widgets,11
Webflow,cms,29
Act-On Mail,mx,24
CreateJS,javascript,15
Mixpo,ads,1
Modernizr 1.6,javascript,6
nanoRep,widgets,3
Stripe Checkout,payment,61
Nifty Corners,javascript,4
WishList Products,widgets,3
Contently,widgets,8
Provide Support,widgets,11
Sirens,framework,1
MediaTemple DNS,ns,13
IntenseDebate,widgets,3
Knowledge Base for WordPress,widgets,11
Tapfiliate,analytics,16
DNN Software,cms,10
Telerik Controls,framework,52
DNN 7.03-7.04,cms,1
3Essentials,hosting,1
tw telecom,hosting,6
SisyphusJs,javascript,2
Tencent QQ Mail,mx,4
Tend,analytics,7
Nexica,hosting,1
Mobusi,ads,1
Sea JS,javascript,1
MoovWeb,cms,2
Hostway,hosting,2
PyroCMS,cms,2
Home.pl DNS,ns,5
GetSocial,widgets,16
Fancybox for WordPress,widgets,14
WordPress Social Login,widgets,9
Facebook Comments,widgets,19
SailsJS,framework,8
BlueHornet,mx,4
Facebook Send Button,widgets,5
Talkable,widgets,2
Connexity,ads,3
Fastly Verified CDN,cdns,12
jQuery BBQ,javascript,3
MercuryMedia,ads,1
FreeWheel,media,1
FooBox,widgets,5
Web Components,javascript,13
BriteVerify,widgets,1
FreshBooks,mx,15
Simple Social Icons,widgets,21
Bowser,javascript,25
Active Campaign,analytics,34
Python 2.5,framework,3
mod_ssl 2.2.9,Server,2
Subversion,framework,6
Python 3.3,framework,4
BigCommerce,shop,1
jQuery bgiframe,javascript,28
BigCommerce Analytics,analytics,1
Visual Visitor,analytics,30
KeyMetric,analytics,2
CenturyLink,hosting,10
WhosOn,widgets,5
FLV Player,media,6
Mobify,framework,2
Liferay,cms,11
QuoteMedia,widgets,1
G2 Crowd,widgets,5
Bitly API,widgets,2
JavaScript MVC,javascript,5
Coremetrics,analytics,7
StealJS,javascript,5
HoganJS,javascript,13
Tornado,framework,8
Facebook Embedded Video,media,3
Shopify Product Reviews,widgets,3
Amazon Payments,payment,3
Hextom,shop,1
DreamHost,mx,6
Socialite.js,widgets,4
Shortcodes Ultimate,widgets,11
Lytics,analytics,3
Private Systems Networks,hosting,6
SSL Google Analytics,analytics,2
Bold Chat,widgets,16
Pinpointe,mx,2
Ceros,cms,5
Chameleon,cms,1
Rekko,analytics,1
Ve Interactive,analytics,12
VigLink,ads,6
Dataium,analytics,1
Flxone,ads,5
Newscred Analytics,analytics,3
MyBuys MyAds,ads,2
Sencha Touch,javascript,1
CleverReach,analytics,2
Connatix,ads,1
Bidtellect,ads,2
dotCMS,cms,4
PayPal Cart Button,payment,1
jQuery 1.5.2,javascript,15
PayPal BuyNow Button,payment,1
Limelight Networks,cdn,9
Constant Contact,widgets,13
Lithium Technologies,cms,23
Twenty Thirteen,framework,11
Hostgator Mail,mx,10
Key Systems DNS,ns,3
iContact,widgets,4
Copernica,mx,3
Embedly,widgets,26
Skype Me,widgets,4
FatCow,ns,1
PowWeb Mail,mx,2
PowWeb,hosting,1
Ifbyphone,widgets,3
Roojoom,analytics,3
Moodle,cms,5
Totango,analytics,4
Kaltura,media,3
SmartRecruiters,widgets,4
Meta Slider for WordPress,widgets,9
mod_ssl 2.2.11,Server,3
Java Servlet,framework,8
Microsoft Word,cms,6
Verizon,hosting,5
Captora,analytics,34
Ruxit,analytics,1
OAuth IO,widgets,3
KickoffLabs,cms,3
SMTP2GO,mx,15
Feedbackify,widgets,4
IntentIQ,ads,18
Ziff Davis,ads,1
PostageApp,mx,3
OptimumSSL,ssl,1
KeyCDN,cdns,7
Filament.io,widgets,18
Social Sharing Toolkit,widgets,9
Setmore,widgets,1
Sharethrough,ads,3
Integral Ad Science,ads,6
Vibrant Advertising,ads,3
Intellitxt,ads,3
Prebid,ads,2
Survey Monkey,widgets,6
Dynamic Yield,analytics,3
Copyright Year 2005,copyright,1
AdBlade Embed,ads,3
VINDICO,ads,5
SDL Tridion,cms,2
Native Ads,ads,1
timeago,javascript,17
Deposit Photos,widgets,21
Impreza,framework,11
Nativo,ads,3
Copyright Year 2011,copyright,3
Bazaarvoice,analytics,4
ServerCental,hosting,4
Monetate,analytics,4
OneSpot,ads,1
Resumator,widgets,6
Eatserver.nl,hosting,1
SurveyGizmo,mx,5
Drupal Version 7.4x,cms,11
Opinion Stage,widgets,1
ZippyKid,widgets,1
MH Magazine,framework,1
Dropdown Menu Widget for WordPress,widgets,4
TYPO3,cms,17
Optivo,mx,1
TYPO3 Neos,cms,2
TYPO3 Flow,cms,2
Background Sound,media,5
Outbound,analytics,1
Websense,mx,12
Optimove,analytics,2
Defense Net,hosting,6
Sleeknote,widgets,4
WURFL js,javascript,3
Perfect Market,ads,1
Acquia Cloud,mx,5
Pathful,analytics,3
TapStream,analytics,2
Smartlook,analytics,28
ThingLink,widgets,1
LiveHelpNow,widgets,4
Geolify,widgets,3
Tremor Video,media,2
Socedo,analytics,9
Arbor Marketplace,ads,4
AnswerDash,widgets,3
MediaHawk,widgets,1
TVSquared,analytics,3
Formstone,framework,3
Buffer,widgets,8
Webtype,widgets,12
Affordable Internet Services Online,hosting,1
Custom Facebook Feed,widgets,10
jQuery Textfill,javascript,5
LikeBtn,widgets,1
Innovid,ads,1
Qualtrics Mail,mx,9
Online.net,hosting,2
Fasthosts,hosting,1
Invodo,media,2
Piwik PRO,analytics,4
Bitrix,cms,6
Bitrix24,widgets,5
WordPress PopUp,widgets,20
Future Simple Base,analytics,1
JW Player Platform,media,8
Qualtrics Site Intercept,widgets,11
Agility CMS,cms,5
eKomi,widgets,3
Tag Commander,javascript,2
Second Street,mx,1
LiteSpeed,Web Server,32
Copyright Year 2010,copyright,1
Message Bus,mx,4
Froala Editor,widgets,9
Localize,widgets,8
AdZerk,ads,2
Octopress,cms,2
Shortstack,analytics,1
jQuery livequery,javascript,18
GitHub Buttons,widgets,8
Vanilla Forums,cms,8
Bandcamp,link,2
Simply Instagram,widgets,1
eZ Systems,cms,9
Paymill,payment,1
Easy Digital Downloads,shop,8
Theme My Login,widgets,9
GoDaddy Website Builder,cms,1
FreshService,mx,6
Zend Server,framework,1
Win32 Header,Server,16
mod_ssl 2.2.22,Server,4
Suhosin,Server,6
Freshdesk Link,link,3
aWeber,analytics,8
AWeber Email,mx,2
mod_ssl 2.2.23,Server,2
SproutVideo,media,2
StackAdapt,ads,2
Lazy Load for WordPress,widgets,10
TinyMCE Hosted,widgets,3
Nunjucks,javascript,4
Wysija,widgets,37
MailPoet,widgets,36
SiteSpect,analytics,2
Peak 10,hosting,6
AngelList,widgets,2
Special Recent Posts,widgets,7
Easy Social Icons for WordPress,widgets,8
Related Posts by Zemanta for WordPress,widgets,8
Pinterest for Wordpress,widgets,11
Clef Two-Factor Authentication,widgets,1
MailChimp Widget for WordPress,widgets,11
Viewbix,widgets,1
Localytics,analytics,3
Movable Ink,ads,2
A1WebStats,analytics,7
The Events Calendar,widgets,5
Google Trusted Store,widgets,5
Namesco DNS,ns,2
iomart,hosting,4
vzaar,media,1
WP Customer Reviews,widgets,1
Delivra,analytics,2
nFrame,hosting,2
Hatchbuck,analytics,8
StackCommerce,shop,1
PicReel,analytics,12
Jetlore,analytics,1
Thesis,framework,2
jQuery Innerfade,javascript,6
jQuery QuickSand,javascript,10
Mixpanel Email,mx,34
dotMailer,analytics,2
Magic Toolbox,javascript,5
ScheduleOnce,widgets,6
Modernizr 1.0,javascript,2
Typeform,widgets,14
Mad Mimi Signup Form,widgets,8
Exponential-e,hosting,2
MyDomain,ns,1
LimeSurvey,widgets,2
Synapse Clickable,analytics,1
LockerDome,widgets,1
SockJS,javascript,5
WPSSO,widgets,8
Rafflecopter,widgets,1
Ditty News Ticker,widgets,6
Happy Fox Chat,widgets,10
ActiveDEMAND,analytics,3
Liveclicker,analytics,1
Flickr Badge,widgets,3
Flickr PhotoStream,widgets,3
Input Output Flood,hosting,1
BrightFunnel,analytics,8
Probe Networks,hosting,2
Telecitygroup International,hosting,2
Network Solutions SSL,ssl,10
Network Solutions SSL Wildcard,ssl,7
USPS,shipping,13
lighttpd,Web Server,5
Walmart,ads,1
UStream,media,3
Centro,ads,3
uStudio,media,1
Binero,hosting,2
Binero DNS,ns,3
Support Hero,cms,5
Porto Wordpress,framework,3
Zmags,analytics,1
Conversion Ruler,analytics,5
Synthesis,hosting,2
BuddyPress,cms,15
Alchemy,hosting,2
Storefront WooTheme,cms,2
Easynet Global,hosting,1
FormSite,widgets,2
SnapWidget,widgets,4
Google Hosted Prototype,javascript,13
Google Hosted Scriptaculous,javascript,6
StackPile,widgets,1
Counting Down To,widgets,2
Agile CRM,analytics,18
WP PostRatings,widgets,10
Microsoft Azure US West Region,hosting,13
WP Shortcode,widgets,5
EventOn,widgets,4
Visual Studio Tracking,analytics,14
Openminds,hosting,2
Survicate,analytics,8
GetResponse,widgets,4
GetResponse SPF,mx,3
Seznam,ads,3
Simple Calendar,widgets,4
ClickBank,ads,3
PhoenixNAP,hosting,2
Gleam,analytics,9
Norton Site Seal,widgets,6
GoodBarber,widgets,1
Evocative,hosting,1
Qeryz,widgets,5
DudaMobile,cms,2
DevExpress ASP.NET,framework,8
Javascript Tooltips,javascript,5
E-junkie,shop,1
Pagely,cms,15
Guru Contact,mx,1
PayPal Express Checkout,payment,4
Zxcvbn,javascript,4
FatWin,ads,1
Chatra,widgets,13
Drupal 8,cms,22
Wijmo,javascript,1
Entrance,framework,1
KickApps,analytics,1
Piksel,media,1
Pippity,widgets,4
Websitealive,widgets,7
Corporate Colocation,hosting,2
All-Inkl,hosting,1
All-Inkl DNS,ns,2
SignalR,javascript,6
L2 IO,widgets,6
Vero,analytics,9
Highwinds CDN,cdns,2
Playwire,media,1
Flatbase,framework,6
Linkpulse,analytics,1
Polar,ads,1
SnackTools,widgets,1
Fancier Author Box by ThematoSoup,widgets,17
Maropost,mx,2
SEO Facebook Comment,widgets,3
Nebula,framework,1
Viral Loops,widgets,2
NWMatcher,javascript,17
Urchin 5,analytics,2
Predictive Response,widgets,2
Valenti,framework,1
IcoMoon,widgets,9
Savvis DNS,ns,3
Bit.ly Javascript API,javascript,1
Clickability Hosting,hosting,3
MediaRoom PR Newswire,link,1
RebelMouse,analytics,2
PR Newswire,widgets,1
Telligent Evolution,cms,9
Telligent,cms,6
Telerik Sitefinity,cms,8
Google Consumer Surveys,ads,9
Microsoft SharePoint Server 2010,cms,4
ProProfs,widgets,1
Live2Support,widgets,1
Sonobi,ads,5
Print Friendly,widgets,6
QuBit OpenTag,widgets,3
Qubit Universal Variable,analytics,3
Google Universal Analytics Debug,analytics,3
Namecheap Hosting,hosting,13
PadiAct,widgets,4
TubePress,widgets,2
Iconfinder,widgets,5
Gossamer Threads,hosting,1
Magnify.net,media,1
Hulu,media,1
ShareASale,ads,3
AOL On,media,1
smartURL,widgets,1
ESPN Video,media,1
Indicative,analytics,3
Adskom,ads,3
Wishpond,cms,7
PodPress,widgets,1
Ghost 0.5,cms,1
Thinkific,shop,3
Undertone,ads,1
jQuery 1.3.1,javascript,3
Twitter Embedded Videos,media,1
WooPress,framework,1
Woobox,ads,1
Cardinal,framework,5
Expert Sender,mx,2
Yandex,ads,1
Yandex Maps,mapping,3
ADFOX,ads,1
pipedrive,analytics,7
Cake Mail,mx,1
McAfee SaaS Email,mx,12
SalesWings,analytics,4
JustUno,widgets,7
DataPipe DNS,ns,2
DataPipe,hosting,8
Namecheap,mx,8
Adestra,mx,10
Tailor Made Servers,hosting,1
Story,framework,2
HitTail - Long Tail Keyword Marketing,analytics,8
Wootric,analytics,13
Leadsius,analytics,4
Viddler,media,2
Origin,framework,1
Commission Junction,ads,3
Amazon Webstore,shop,1
Conduit,widgets,9
Apester,ads,1
jQuery Flash,javascript,1
Spine,framework,1
Fort Awesome,widgets,12
IIS 10,Web Server,18
AppMachine,cms,1
Cookiebot,widgets,1
CacheFly CDN,cdn,7
VHX,media,1
Stetic,analytics,1
Zonomi,ns,4
Workable,cms,15
Augur,analytics,9
Linearicons,widgets,6
Lyris,analytics,1
Greenview Data,mx,3
Gridster,javascript,1
Stockholm,framework,2
jQuery UJS,javascript,3
Airbrake,analytics,4
Zerigo DNS,ns,3
WP-SpamFree Anti-Spam,widgets,2
AddToCalendar,widgets,4
Fortuna,framework,3
Eye View Digital,ads,1
innerShiv,javascript,1
Deninet KFT,hosting,1
DNS Unlimited,ns,1
Instapage,cms,14
Ace,widgets,5
Affilae,analytics,4
Feather,framework,8
Mailigen,mx,2
LeaderSend,mx,1
CookieCuttr,javascript,5
Mailjet Widget,widgets,3
Cartegie,analytics,1
QAEngine,framework,1
AnythingSlider,javascript,10
jQuery Hotkeys,javascript,11
U-Design,framework,1
Korea Telecom,hosting,2
Metricool,analytics,1
Core-Backbone,hosting,1
Startup Framework,framework,4
MailUp,mx,1
Microsoft Azure Europe West Region,hosting,6
Quotes Collection,widgets,1
MasterBase,mx,1
PubNub,framework,4
MULTACOM,hosting,2
DialogTech,ads,3
Salesfusion,analytics,3
Quintura,ads,1
Criteo Publisher Marketplace,ads,1
Jaco,analytics,8
Smooch,widgets,5
Comcast,hosting,5
ComponentOne,framework,1
CForms,widgets,5
Parallels SSL,ssl,9
Infortelecom Hosting,hosting,1
LoginRadius,widgets,4
Squid,Server,3
Digital Window,analytics,2
Qubit Deliver,analytics,2
Extole,analytics,1
Ambassador,analytics,6
MapQuest,mapping,1
GeoTrust QuickSSL Premium,ssl,8
GeoTrust QuickSSL,ssl,8
Heart Internet DNS,ns,1
MPZMail Form,widgets,1
Emma Inc,widgets,3
Comm100,widgets,7
Nexcess,hosting,9
Adobe Edge Web Fonts,widgets,2
Education Center,framework,1
WP-Members,widgets,6
40Nuggets,analytics,1
Baynote,analytics,3
Instra,ns,2
Webleads Tracker,analytics,6
BeamPulse,analytics,1
Silktide Cookie Consent,widgets,1
EuroInvestor,widgets,1
Homestead,cms,1
Impact Radius,ads,7
Skyscanner,ads,1
Peer39,ads,1
Skype Download,media,3
Didit,ads,1
ChannelAdvisor,analytics,5
ArcGIS,mapping,2
Shopping Feed,widgets,1
BridgeTrack,ads,1
IntelliAd,ads,1
Dun and BradStreet,widgets,2
BloomReach,analytics,2
Brandfolder,cms,2
iwantmyname,ns,9
Yoko,framework,1
Direct Web Remoting,javascript,1
BrightEdge,analytics,7
Register.com DNS,ns,15
PixelSilk,cms,2
TDS telecom,hosting,3
ReTargeter,ads,9
GNAX,hosting,1
Click Guardian,ads,1
Written,ads,1
WP Gallery Custom Links,widgets,7
Hit Sniffer,analytics,1
Kameleoon,analytics,3
ChangeAgain,analytics,2
Metrics Key,analytics,1
Network Solutions,hosting,9
ClickDesk,widgets,11
ClickCertain,ads,2
Bootstrap Lightbox,javascript,4
Cloud IQ,analytics,1
Orange,hosting,3
Play Framework,framework,3
CDMon,ns,1
Svbtle,cms,1
GetKudos,widgets,1
Synxis Guest Connect,cms,4
SilverStripe,cms,6
RackForce,hosting,1
Concrete5,cms,8
TeraGo Networks,hosting,1
Sahifa,framework,3
sniply,widgets,7
MouseStats,analytics,7
Soliloquy for WordPress,widgets,6
AlphaSSL,widgets,2
Pin it for Images,widgets,4
Maxly,analytics,1
Convert,analytics,9
Olympus,framework,1
WordPress Category Posts Widget,widgets,2
PowerPress,widgets,1
Responsive Bootstrap Toolit,javascript,6
Mad Mimi,mx,2
Hurricane Electric,hosting,9
Crowdynews,ads,1
LinkedIn Member Profile Plugin,widgets,3
Bamboo HR,widgets,4
cXense,ads,2
Roost,widgets,4
HostMonster DNS,ns,3
FastSpring,shop,5
Infinity Internet,hosting,2
LifterLMS,widgets,3
Advanced Responsive Video Embedder,widgets,11
Circles,framework,2
Slaask,widgets,3
Auth Passthrough,Server,11
Apache 2.0,Web Server,5
mod_ssl 2.0.64,Server,2
VYRE Unify Content Management,cms,1
Nosto,analytics,1
LibraryH3lp,widgets,1
Eventbrite UK,widgets,1
Advantage Interactive,hosting,1
LCN,hosting,1
YITH WooCommerce Wishlist,widgets,5
Bolt CMS,cms,2
CommentLuv,widgets,1
Vignette OpenText,cms,1
Prospecteer,analytics,2
IPInfoDB,widgets,5
Comodo EliteSSL,ssl,1
Edgar Online,widgets,9
Apache 1.3,Web Server,6
Optimost,analytics,2
Popcorn Metrics,analytics,4
IBM,hosting,3
WP Category Post List Widget,widgets,2
WebProspector,analytics,2
symphony FOS Routing,cms,8
OptKit,analytics,1
Oracle WebCenter Sites,cms,1
Oracle Application Server,Web Server,1
Endeca,cms,1
Oracle Commerce,shop,2
ATG Estara,widgets,3
UpSellit,analytics,2
UserZoom,analytics,4
Zitcom,hosting,1
mod_ssl 2.2.3,Server,2
Ektron,cms,4
Ektron Ecommerce,cms,4
CallidusCloud Mail,mx,6
Trend Micro SSL,ssl,3
Jive Software,cms,19
October CMS,cms,4
Juicer,widgets,1
Picasa Slideshow,widgets,1
FeedBurner Widgets,widgets,6
Nuco Technologies,hosting,1
Pulsant,hosting,6
ClickCease,ads,2
WHMCS,cms,6
TurnTo,widgets,1
Python 3.4,framework,2
Hurricane Electric DNS,ns,3
MODX,framework,3
RobinHQ,widgets,1
Tripolis,mx,2
3 Minute Optimizer,analytics,1
Atom Introspection,feeds,1
RSSInclude,widgets,2
TeaLeaf,analytics,6
Lotus Domino,Web Server,3
DHTMLX,javascript,1
W3 Counter,analytics,1
symfony PHP Framework,framework,4
Cisco/Arrowpoint Content Service Switch,Server,1
VendeMore,ads,6
Elsevier,cms,1
ZipRecruiter,widgets,4
Shopify Buy Button,shop,1
Sailthru Horizon,analytics,3
Speaker Deck,widgets,4
LeadBoxer,analytics,11
ScribbleLive,widgets,2
LeadDyno,analytics,20
News Pro,framework,1
NTT America,hosting,3
Involta,hosting,2
Ghost 0.6,cms,2
SendPulse,analytics,3
Hostpoint,hosting,1
Hostpoint DNS,ns,1
Shuttlerock,analytics,1
LiveFyre,widgets,6
SiteApps,analytics,2
OpenWeatherMap,widgets,1
IP API,javascript,3
Siteimprove,cms,6
Email Aptitude,analytics,1
Kaltura Community,media,2
Storystream,widgets,1
Polymer,javascript,4
Moniker DNS,ns,3
jqModal,javascript,10
Rogers,hosting,2
jQuery ifixpng,javascript,1
SocketLabs,mx,1
Sirius,framework,1
Soundest,analytics,1
Orbit Slider,javascript,1
CherryPy,framework,1
Linkedin Apply Button,widgets,1
Spinnakr,analytics,1
Box Over,javascript,4
mod_ssl 2.2.14,Server,2
StreamSend,analytics,3
Magento,shop,19
Magento Enterprise,shop,5
VerticalResponse,widgets,1
UltraDNS neustar Hosting,hosting,3
Webfactor,hosting,1
microAjax,javascript,2
Visual Sciences,analytics,1
Limestone Networks,hosting,3
jQuery Preload,javascript,5
Civic Computing,cms,5
Po.st,widgets,3
Youtube Channel Gallery for WordPress,widgets,4
Thematic,framework,2
Brazil,framework,2
Polylang,widgets,5
Sendloop,mx,3
SchlundTech DNS,ns,3
WebCEO,analytics,2
visjs,javascript,2
The7,framework,8
WP Minify,widgets,4
Cyclone Slider 2,widgets,5
BigRock,ns,4
Choices,framework,1
Kayako,widgets,4
SELLSY,analytics,2
Ninja Popups for WordPress,widgets,6
YieldBot,ads,1
Inovado,framework,3
Loop11,analytics,2
Reactful,analytics,9
Magazine Pro,framework,2
Magazine,framework,2
EmailMeForm,widgets,1
Facebook Embedded Posts,widgets,3
MailRoute,mx,3
RevContent,ads,1
Blackberry Internet Service,mx,1
Beanfield Technologies,hosting,1
Loose Foot Computing,hosting,1
Eventbrite,widgets,5
Loopia DNS,ns,4
UniSender,mx,2
Monitis,analytics,1
iWeb,hosting,3
SlideDeck,javascript,3
Optimize,framework,3
1000mercis,ads,1
AMob,ads,1
Twitter Anywhere,javascript,3
UsabilityTools,analytics,2
Weelytics,analytics,1
SOCIAPlus,widgets,1
nginx 0.6,Web Server,1
DomainDiscover,ns,5
ClouDNS,ns,3
Sharktech,hosting,2
Ultimatum Theme,framework,2
Heart Internet,hosting,2
Flickr API,media,2
KineticJS,javascript,2
Freespee,analytics,2
EasyVideoSuite,media,2
Python 2.6,framework,3
Treasure Data,analytics,3
Bunting,analytics,2
CANDDi Insights,analytics,5
Chute,analytics,1
MediumEditor,widgets,4
Web Cube,cms,1
Bot Scanner,analytics,1
GIFTD,analytics,1
Going Up,analytics,2
Clickheat,analytics,3
MailChannels,mx,9
iClick Interactive,ads,1
Grammarly,ads,1
Launch Effect,widgets,1
WebNames DNS,ns,2
Facebook Audience Network,ads,1
Mozilla Fonts,widgets,3
Twitter Mention Button,widgets,1
DreamsTime,widgets,6
Typotheque,widgets,2
IOMart DNS,ns,3
MTZ Month Picker,javascript,1
Envira Gallery,widgets,1
Personyze,analytics,3
The Enkoder,javascript,3
Headway Themes,framework,3
domainFACTORY,hosting,1
Instart Logic Loader,analytics,5
Pixlee,widgets,1
Raven JS,javascript,9
Vagaro,widgets,1
PayPal Donate Button,payment,9
CenturyLink DNS,ns,1
Pressly,cms,1
Google Sites,cms,5
Alpheus Data Services,hosting,1
prudsys IREUS,widgets,1
Tickera,widgets,1
Publishthis,ads,1
mod_ssl 2.2.24,Server,1
skelJS,javascript,7
CamanJS,javascript,1
Webtrekk,analytics,2
AdTech Studio,ads,6
Wigzo,analytics,1
Posthaven,cms,1
Wiredrive,media,1
Internap DNS,ns,3
searchIQ,widgets,2
jQuery Watermark,javascript,17
Hosting.com,hosting,1
HostMySite,hosting,3
Marchex,ads,5
Count per Day for WordPress,widgets,1
Ruler Analytics,analytics,4
NameBright,ns,2
Yottaa,analytics,1
ConversionFly,analytics,1
Fomo,widgets,3
Limelight Video,media,2
Proofpoint URL Defense,widgets,1
RokNavMenu,widgets,1
Apache Traffic Server,Web Server,1
AddThis Responsive Sharing,widgets,2
Amplience,shop,1
MyBlogLog,analytics,1
Fixer,widgets,1
WebEngage,widgets,7
pair Networks Hosting,hosting,6
eleven40,framework,2
BlueConic,analytics,3
Contao,cms,3
IntroBar,widgets,5
Lytebox,javascript,2
Badgeville,widgets,1
TrackDuck,analytics,7
FireHost,hosting,1
Hybris,shop,4
Loopia,hosting,1
Exit Monitor,analytics,1
A2 Hosting,hosting,7
Sweet Captcha,widgets,2
AvantMetrics,analytics,1
SiteHost,hosting,1
Splash,framework,1
WebpageFX,cms,1
SendinBlue,mx,16
Symple Shortcodes,widgets,5
Medium,cms,1
Miva Merchant,shop,3
Associated Press Hosted Content,feeds,2
AliExpress,ads,1
NCSA HTTPd,Web Server,1
TuneIn,media,1
Specular,framework,3
kk Star Ratings,widgets,3
Monoloop,analytics,1
MotionPoint,widgets,2
Weebly Hosting,hosting,4
jqTransform,javascript,5
Verisign Seal,widgets,9
b2evolution,cms,1
GleSYS Internet Services,hosting,2
Microsoft Azure US North Region,hosting,11
Flatco,framework,1
eNom,mx,1
Boomtrain,analytics,3
Nudgespot,analytics,5
Weatherlet,widgets,1
iAPPS,cms,6
Brightspot,cms,1
esayDNS Hosted,hosting,3
StatusCake,analytics,3
FreshMail Email,mx,1
BySide,analytics,1
Century Interactive,analytics,1
Micron21,hosting,1
OzServers,hosting,2
CallidusCloud,analytics,8
Genius,analytics,2
iCIMS,widgets,5
Contact At Once!,widgets,1
CallSource,analytics,1
WooCommerce 2.2,shop,1
1C-Bitrix,cms,2
Reg.ru DNS,ns,2
Calltouch,widgets,1
Smoothie,framework,1
CallTracks,widgets,2
Global Maxer,analytics,1
Deviant Art,link,1
Continum,hosting,1
CoreExchange,hosting,4
Copyscape,widgets,1
TypePad,cms,4
Twitter for TypePad,widgets,1
Typepad Analytics,analytics,4
MessageGears,mx,3
ClickDimensions,analytics,12
YouTube Video Bar,widgets,1
Reinvigorate,analytics,2
CommuniGator,analytics,4
Conduze,widgets,1
GitHub Fork,widgets,6
United Internet AG,hosting,4
Microsoft Azure China East Region,hosting,1
Fasthosts DNS,ns,3
Rackspace Sydney,hosting,3
Coredna,cms,1
MCS Moorbek,hosting,1
CoreMedia,cms,1
velia.net,hosting,1
CrossEngage,analytics,1
Kapost,analytics,1
Kirra,cms,1
Solodev,cms,2
BoostSuite,ads,1
Webreep,widgets,1
Continental Broadband,hosting,4
Ontraport,analytics,2
CloudFlare CDN,cdns,2
OpenCMS,cms,1
iAdvize,widgets,3
WiredTree,hosting,4
ORBTR,analytics,2
UserVoice Link,link,6
GlobalSign EV,ssl,2
AjaxPro,framework,1
The Email Laundry,mx,1
ThriveHive,analytics,1
vCita,analytics,1
Prezi,widgets,2
ImpressPages,cms,1
Inbox25,analytics,2
inBOX25,mx,1
Infinity Tracking,widgets,1
VPS Datacenter,hosting,3
Informz,analytics,1
Reach Local TotalLiveChat,widgets,1
Ingeniux,cms,1
Interakt,analytics,1
Invoca,widgets,7
CMS Made Simple,cms,1
iPresso,analytics,1
Iterable,analytics,3
Open Tracker,analytics,8
Wealthy Affiliate,ns,1
Jadu,cms,1
Jalios,cms,1
Rochen,hosting,1
HikaShop,shop,1
AcyMailing,widgets,2
Ning Hosting,hosting,3
Oracle Instant Service,widgets,1
ATG Click to Call,widgets,1
YouTube IFrame Embed,media,2
Informer,widgets,1
PlayBuzz,widgets,1
AddThis Custom Sharing,widgets,1
Handsontable,javascript,3
Gotham Web Services,hosting,1
51Degreees,widgets,4
Visual IQ,analytics,4
DataXu,analytics,2
WhatsBroadcast,widgets,1
Microsoft Office Web Server,framework,5
SmartMag,framework,2
Elastic Path,shop,1
Adition,ads,1
AppDynamics,analytics,4
One.com DNS,ns,4
Scrivito,cms,2
Paid Memberships Pro,widgets,2
Kickstart,framework,1
LinkedIn Company Profile,widgets,2
WPTouch Pro,cms,2
WP Bannerize,widgets,1
ETracker,analytics,4
040 Hosting,hosting,1
inCMS,cms,2
SeedLogix,analytics,1
DiVa,analytics,2
Adhigh,ads,1
GetIntent,ads,1
Falk Realtime,ads,2
Advanced Hosters,hosting,2
OWOX,ads,4
Semrush,analytics,1
Avis Verifies,widgets,2
Cutomizr,framework,4
phpBB,cms,4
Wowrack.com,hosting,1
SERP Scan,analytics,1
Instagram Badges,widgets,4
Usabilla,analytics,6
Silvrback,cms,1
Strikingly Link,link,1
SimplyCast,analytics,2
Zendesk Portal,cms,6
Sitecore Mail,mx,1
Telerik CDN,cdn,3
Net-Results Mail,mx,2
ManyContacts,widgets,2
e-MAILiT,widgets,1
Royal Mail,shipping,2
Squiz Suite,cms,2
Squiz,hosting,1
OrchestraCMS,cms,1
Strikingly,cms,5
Subhub,cms,1
Appointlet,link,1
ViaWest,hosting,5
StickyAds TV,ads,8
Switch Ads,ads,5
Smartclip,ads,8
BidTheatre,ads,1
Flagship,framework,1
CSC Global DNS,ns,3
Lunar Pages,hosting,1
Delacon,widgets,1
acens Technologies,hosting,1
Hostalia,hosting,1
GloboTech,hosting,1
Google Maps Engine,mapping,4
OpenSRS DNS,ns,1
Google Ad Partner Services,ads,5
Ubercart,shop,3
Spectate,analytics,1
HubSpot SSL,ssl,1
Hull,widgets,1
Firebug Lite,javascript,1
Lead Liaison,analytics,4
Instragram Slider Widget,widgets,4
Fortis7,framework,1
Mautic,analytics,3
Atlantic.net,hosting,1
Google Adsense for Domains,ads,3
LeadSquared,analytics,6
Eager,javascript,2
Time Warner,hosting,3
LightCMS,cms,1
PrimeBox CookieBar,widgets,8
UserEcho,analytics,1
Exit Mist,analytics,1
WP External Links,widgets,2
AddThis Jumbo Share Counter,widgets,2
Real Magnet,mx,1
MediaElement.js for WordPress,widgets,3
Energy Group Hosting,hosting,2
Ringostat,widgets,1
Roxen,cms,1
TELE2,hosting,2
uCoz Hosted,hosting,1
jQuery 2.0.0,javascript,4
Majestic Site Verification,Web Master,6
Usablenet,analytics,1
YouTube Custom Player,media,1
JS Charts,javascript,1
Zoho Survey,widgets,1
Marketo Social JS,widgets,4
Altocloud,analytics,3
Tucows Inc,mx,1
Fonecall,analytics,1
VentraIP Group,hosting,2
Avocet,ads,2
GoGrid,hosting,4
Genoo,analytics,1
Blueshift,analytics,1
GitHub Buttons Official,widgets,6
Mura,cms,2
Gitter,widgets,4
Flattr,payment,1
Popcorn JS,media,1
License Buttons,widgets,1
PostcodeAnywhere,widgets,3
Text and Image Crawler,javascript,3
GreenRope,analytics,1
Slimbox,javascript,4
Onlinesucces,analytics,1
PageCloud,cms,1
Cincopa,media,2
Band Camp,cms,1
Band Camp Player,media,1
Dynamik,framework,4
ShowClix,widgets,1
Loaded Commerce,shop,1
Etix,widgets,1
Bandsintown,widgets,1
Affiliate Buzz,ads,1
Seek Bang,ads,1
GoDaddy Hosting Ads,ads,1
MarketGID,ads,2
Yield Manager,ads,2
ADTECH,ads,2
Stream Mate,ads,1
AdBrite,ads,1
FriendFinder Networks,ads,1
Pheedo,ads,1
bwin,ads,1
Propellor Ads Media,ads,1
Chaturbate,ads,2
Pagekit,cms,1
Paperthin Common Spot,cms,1
PencilBlue,cms,1
Percussion,cms,2
Phonalytics,analytics,1
mod_ssl 2.2.21,Server,2
eUKHost,hosting,1
Dada,hosting,2
Pimcore,cms,2
EuroDNS DNS,ns,6
Placester,analytics,1
Plone,cms,1
Jenkins,framework,1
Plumb5,analytics,1
Prismic,cms,1
ProcessWire,cms,1
Magento 2,shop,1
Magento 2.1,shop,1
Magento 2 Community,shop,1
CheryFramework,framework,3
mod_ssl 2.2.16,Server,1
VSHosting,hosting,3
Casablanca INT,hosting,1
WebNode Hosting,hosting,1
BuiltWith Web Leads,analytics,1
Recite Me,widgets,1
Amiro.CMS,cms,2
Chamilo,cms,1
Twilight CMS,cms,1
mod_wsgi,Web Server,2
WP Page Numbers,widgets,6
Trac Project,cms,4
Interoute Communications,hosting,3
Gigya,widgets,6
Avactis,shop,5
All-in-One Event Calendar for WordPress,widgets,4
s2Member,widgets,4
Blacknight Solutions DNS,ns,3
Register.com Hosting,hosting,2
Web.com,cms,1
clueTip,javascript,8
Fork CMS,cms,1
NWBOX,javascript,2
Actito,analytics,1
Widgets on Pages,widgets,6
Active Network,hosting,1
IronPoint,cms,1
Active Metrics,analytics,1
HostDime,hosting,2
AdLuge,analytics,1
TeliaSonera,hosting,1
Agillic,analytics,1
Agilone,analytics,1
Xiolink,hosting,1
Yahoo Pipes,widgets,1
Share42,widgets,2
IBM HTTP Server,Web Server,3
Webroot,mx,1
CloudFloorDNS,ns,1
Atex PoloPoly,cms,1
BlackMesh,hosting,2
ATW Internet,hosting,1
Vocus Communications,hosting,1
Datalicious Supertag,analytics,2
mod_ssl 2.2.8,Server,2
eMarketeer,analytics,1
Emarsys,mx,1
EPiServer,cms,2
EPiServer Hosting,hosting,1
ETrigue,analytics,5
SSL.com EV,ssl,1
SSL.com,ssl,1
Exponea,analytics,3
MidPhase,hosting,1
Magnolia CMS,cms,3
Network Solutions Email Hosting,mx,5
Israeli New Shekel,payment,2
KDDI,hosting,2
MediaV,ads,1
SendCloud,mx,1
YouCanBookMe,widgets,2
MindFire Studio,analytics,1
WordPress 3.7,cms,3
GlobeSSL,widgets,1
Monsido,analytics,1
GlobalSign Seal,widgets,1
Instant SSL,widgets,1
Cookie Script,widgets,3
Alibaba,hosting,2
mod_ssl 2.2.20,Server,1
TATA Communications,hosting,1
SunGard,hosting,4
Invicta,framework,1
IQ PL Sp,hosting,1
Massive Dynamic,framework,1
BrightTALK,media,3
Copyright Year 2012,copyright,3
Storify,widgets,2
Buyapowa,widgets,1
Custom Contact Forms for WordPress,widgets,4
nginx 0.8,Web Server,1
NGFB,widgets,5
Bunchball,widgets,4
Flowplayer Commercial,media,2
Unica,analytics,2
BrightRoll,ads,10
VKontakte Share,widgets,1
WebEx,widgets,1
Apache Tapestry,framework,2
Nextopia,analytics,1
Ultimo,framework,2
Podio,widgets,3
GravCMS,cms,2
Klaviyo,analytics,3
MyLiveChat,widgets,5
Layers,framework,2
TokBox,widgets,3
Crowdriff,analytics,1
UK2 DNS,ns,1
Curalate,analytics,1
Lift,framework,1
Flickr Slideshow,widgets,1
Callmaker,analytics,3
Alkiva Open Community,cms,4
DokuWiki,cms,5
Netvibes,analytics,2
Rigel,framework,3
Genesis Responsive Slider,widgets,3
mod_ssl 2.2.17,Server,3
PowWeb DNS,ns,4
Parature,cms,3
Data102,hosting,1
Helpjuice,widgets,1
Riot,javascript,1
LemonStand,shop,2
Affirm,payment,2
Ticket Tailor,widgets,1
Tint,widgets,2
SmugMug,widgets,1
SmugMug CMS,cms,1
Afraid DNS,ns,1
Sucuri Badge,widgets,1
Bell Canada,hosting,2
Tradable Bits,analytics,1
Trumba,widgets,1
NameSilo DNS,ns,1
InviteReferrals,ads,1
NotifyVisitors,widgets,1
CDNVideo,cdn,1
Begun,ads,1
jQuery Dimensions,javascript,3
Redstation,hosting,2
UKFast.Net,hosting,2
Simply Measured,analytics,1
LiveAgent,cms,2
SLoyalty,ads,1
SmartSupp,widgets,3
The Voux,framework,1
Logistic,framework,1
Social Annex,widgets,1
Arvixe DNS,ns,1
Radore Hosting,hosting,1
C3 Metrics,ads,4
Hostnet Netherlands,hosting,1
SnackJS,javascript,2
The Enliven,framework,1
Pluso,widgets,1
Tinycon,javascript,2
Stackla,widgets,1
The New York Internet Company,hosting,2
Appocalypsis,widgets,1
ViralMint,analytics,1
Dryfta,widgets,1
2Checkout,payment,1
HelloSociety,ads,1
Currencies,javascript,1
Netmagic Solutions,hosting,1
WaitListed,widgets,1
Infragistics,framework,1
LiveRail,ads,2
Loyalis,widgets,1
QTS,hosting,3
ClickMeter,analytics,1
MyShopify,link,1
WEDOS Internet,hosting,1
Nette Framework,framework,2
Universe,widgets,1
Elegant Builder,widgets,3
Feathr,analytics,1
CoffeeScript,javascript,1
Flocktory,analytics,1
Friendbuy,cms,1
ProspectEye,analytics,1
APSIS Lead,analytics,2
Bahnhof Internet,hosting,1
Awesome Weather Widget,widgets,1
Marqui,cms,1
InterNetX,hosting,3
Jade,framework,2
PeerJS,javascript,3
ExactTarget,ads,4
iGoDigital,analytics,3
Bellmetric,analytics,1
Picatic,widgets,1
Ecwid,shop,1
A8.net,ads,1
Universe,framework,1
Parrable,ads,1
Qumu,media,1
Rocketseed,mx,3
Capturly,analytics,2
Benchmark,analytics,1
VSDocs,framework,1
PayPal Adaptive Payments,payment,2
Verizon DNS,ns,2
Ikoula,hosting,4
Alpine Photo Tile for Instragram,widgets,1
Vector Internet Services,hosting,3
Amnet Systems,hosting,1
eTouches,cms,1
Event Bee,widgets,1
EventFarm,link,1
Opbeat,analytics,3
ServInt,hosting,3
Tawk,widgets,2
WP PageNavi Style,widgets,4
EventZilla,widgets,1
EventZilla Link,link,1
Experian Stats,analytics,1
Alltop,widgets,1
StrongView,mx,1
BlueCore,analytics,1
UnitedLayer,hosting,1
Drupal Version 6.x,cms,1
123-Reg,hosting,1
Strava,widgets,1
Modern,widgets,1
Resin 4.0,Web Server,1
Resin,Web Server,3
FlatPress,cms,1
LinkedIn Company Insiders,widgets,3
Tumblr Hosted,hosting,1
Visual Basic .NET,cms,2
ASP.NET 1.1,framework,2
Qualtrics,link,1
Sammy,javascript,1
Blackbaud,cms,1
AdBlock Acceptable Ads,ads,1
Confluence Networks,hosting,5
Resin 2.1,Web Server,1
Bounce Bar,widgets,3
Raneto,cms,2
Casengo,widgets,1
Cbox,widgets,1
Net4 DNS,ns,1
SMF,cms,3
Simple Machines Forum,cms,3
Frontier Communications,hosting,1
BuddyNS,ns,1
Confirmit,widgets,2
OnCue,analytics,1
ColdFusion Mark-up Language (CFML),framework,1
Crowdio,widgets,1
Bytemark Hosting,hosting,1
BigV,hosting,1
JustHost DNS,ns,1
WordPress Simple Paypal Shopping Cart,widgets,2
Snoobi,analytics,1
Karma,framework,2
Zombaio,payment,1
XenForo,cms,2
MyCommerce,shop,1
IIS 5,Web Server,1
Kudobuzz,widgets,1
Wisconsin CyberLynk Network,hosting,1
Internet.bs,ns,1
NationBuilder,cms,1
ATT DNS,ns,5
NetSuite eCommerce,shop,1
NetSuite,cms,3
NetSuite Hosting,hosting,2
Adobe Spry,javascript,5
Barilliance,analytics,2
PayPal Advertising,ads,2
Google Checkout,payment,2
ResellerRatings,widgets,1
Bronto,analytics,4
Issuu,widgets,1
Sociable Labs,widgets,2
PollDaddy,widgets,1
Listrak,analytics,4
Trust Guard,widgets,3
Shopper Approved,widgets,1
Q9 Networks,hosting,2
DynaDot,ns,1
Odoo,cms,1
Google Web Designer,framework,1
TapInfluence,widgets,1
Temper,analytics,1
Thunderhead,analytics,1
Tidio,widgets,3
TouchCommerce,widgets,1
HostMonster,hosting,2
HTML Tidy,cms,2
DotMetrics,analytics,1
Research Now,ads,1
Adometry,analytics,1
XMission,hosting,1
Inmoment,widgets,1
USERcycle,analytics,1
Milonic,javascript,2
Volusion,shop,2
Microsoft Frontpage,framework,3
WestHost,hosting,3
Dynamic To Top Plugin,widgets,2
Rickshaw,widgets,1
Lightning.js,javascript,5
JobScore,cms,3
Sprint DNS,ns,1
iJoomla ECommerce,shop,1
Logic Boxes,hosting,4
Everyone.net,mx,2
Twitter JS,javascript,2
Adobe Creative Cloud WebFonts,widgets,2
Drupal Commerce,shop,4
FeedWind,widgets,1
ServiceTick,widgets,1
GeneratePress,framework,3
SWF Address,javascript,2
Joker,ns,2
SocialGO,cms,1
Webs Link,link,1
Social Twist,widgets,1
Converio,framework,2
TrendSpottr,widgets,1
Subiz,widgets,1
Ascio,ns,1
Internet Brands,hosting,1
vBulletin 5.x,cms,4
Comodo Enterprise SSL,ssl,2
Flexform,framework,1
Jaguar Network,hosting,3
LiveZilla,widgets,6
Helprace,cms,1
Hoopla,cms,1
LocalYokelMedia,ads,1
Doorbell,widgets,2
PioneerLabs,hosting,1
CtrlS,hosting,1
Allstream,hosting,4
SnapApp,analytics,3
Hosting.com DNS,ns,2
Ramen,widgets,1
RedHelper,widgets,1
Reevoo,widgets,1
Literatum,framework,2
Countly,analytics,2
Tempera,framework,1
Reputation,widgets,1
ResponseTek,widgets,1
Google Analytics Tasks,analytics,1
SpamExperts,mx,2
ReviewBuzz,widgets,1
WP-Filebase Download Manager,widgets,3
Unbeatable,widgets,1
Core NAP,hosting,1
Express Web Systems,hosting,1
Userlike,widgets,3
Infer,analytics,2
ZetaBoards,cms,1
Amazing Counters,analytics,1
Hitwebcounter,analytics,1
ImageShack,widgets,1
Metacafe,media,1
Dummy Image,widgets,2
Flarum,cms,1
Ngage Live,widgets,1
Jarvis,framework,1
usd DE,widgets,2
Trialfire,analytics,3
Shopify Plus,shop,2
Spring Metrics,analytics,2
RocketBolt,analytics,4
Symphony Talent,cms,1
AdMeta,ads,4
Adscale,ads,4
UserReplay,analytics,1
Semasio,ads,1
WordPress Pro Event Calendar,widgets,3
PowerReviews,widgets,4
Shopzilla,ads,2
UberTags,widgets,3
QuestBack,widgets,1
Easyresearch,analytics,1
Aruba DNS,ns,1
Aruba,hosting,2
bValidator,javascript,1
Site5 DNS,ns,1
Yotpo,widgets,2
Grafik,framework,1
Google Minify,framework,1
IPFingerprint,analytics,1
Zend Framework Debugger,framework,1
Zen Cart,shop,1
123ContactForm,widgets,1
pairNetworks DNS,ns,3
XS4ALL,hosting,1
eGain,widgets,1
Adacor,hosting,1
Tierpoint,hosting,4
SeatMe,widgets,1
Modernizr 1.5,javascript,2
Financial Content,analytics,2
Apture Linking Platform,widgets,1
Jumptap,ads,2
Medallia,widgets,1
i3D.net,hosting,1
Beeketing,analytics,1
Allfont,widgets,1
LeadInspector,analytics,1
NetRegistry DNS,ns,1
Brainshark,analytics,1
CoreLink Data Centers,hosting,1
sYra networks,hosting,1
Shadow,framework,3
CartStack,analytics,1
Fast Secure Contact Form,widgets,1
Logic Boxes DNS,ns,1
Telepacific Communications,hosting,1
WebFaction DNS,ns,3
Latisys-Irvine,hosting,2
Blacknight Internet Solutions,hosting,2
Republer,ads,1
Cincinnati Bell,hosting,1
Wowzio,widgets,1
Resin 3.1,Web Server,1
WooCommerce 2.3,shop,1
Clickbooth,ads,1
ClickInc,ads,1
In2Net,hosting,1
GigeNET,hosting,2
eXTReMe Tracking,analytics,1
Optus Singtel,hosting,1
WP Table Reloaded,widgets,3
Logentries,analytics,1
Conversions on Demand,analytics,1
Fortress ITX,hosting,1
Inline Manual,widgets,2
Sagent,analytics,1
MarkMonitor DNS,ns,2
Bay Area Internet Solutions,hosting,2
Blog Theme,framework,1
TotalChoice Hosting,hosting,1
Managed Way,hosting,1
Uniserver Internet,hosting,1
Wordpress Mobile Pack,widgets,1
Gallery for WordPress,widgets,2
Vellum,framework,1
ODERLAND Webbhotell,hosting,1
Enecto,analytics,1
Magento 1.9,shop,1
iovation,analytics,2
TIE Kinetix,shop,1
Fairpoint Communications,hosting,1
TradeTracker,ads,1
Arsys DNS,ns,2
LinkedIn Sign In Button,widgets,2
United Colo,hosting,2
BigCommerce SSL,ssl,1
Interspire,shop,1
BigCommerce Mail,mx,2
Servers Australia,hosting,1
Alexa Analytics,analytics,2
Alexa Site Stats,widgets,2
Alexa Traffic Graph,widgets,2
Google Maps Embed,widgets,3
jQuery Translate,javascript,1
XS4ALL Internet,hosting,1
Open Web Analytics,analytics,2
XL Host,hosting,2
Maxi menu CK,widgets,3
Spark Pay,shop,2
StoreHippo,shop,1
Mongoose Metrics,analytics,3
Dynamik,framework,3
Richer,framework,1
Vend,shop,1
Compact WP Audio Player,widgets,1
Velocity,framework,1
Adhost,hosting,2
DataSphere,analytics,1
IBM Websphere Commerce,shop,1
Gravity Insights,analytics,1
Performancing Metrics,analytics,1
HP,hosting,1
Zotabox,widgets,1
Internet Names for Business,hosting,1
LinkConnector,ads,1
WooCommerce 2.4,shop,1
Forthnet,hosting,1
Leadzgen,analytics,1
OpSource,hosting,2
JTabber,javascript,1
Microsoft SharePoint Server 2013,cms,4
RingCentral,widgets,1
Birdeye,analytics,1
RingDNA,analytics,1
Futura,framework,1
Fact Finder,analytics,1
161Media,ads,1
Remintrex,analytics,1
Wywy,analytics,2
Content Spread,ads,1
Zanox,ads,1
Zift Solutions,analytics,1
GoodWork,framework,1
Admedo,ads,1
Triggered Messaging,analytics,2
MaxPoint Interactive,ads,1
Adify,ads,1
Portable,framework,1
Granify,analytics,2
Adstir,ads,5
HONESTe Online,widgets,1
Dalton,framework,1
VentraIP Mail,mx,1
HostCollective,hosting,1
Webgains,ads,1
Affectv,ads,1
AddSearch,widgets,2
WordPress eStore Plugin,shop,2
OneClickSSL,ssl,1
DynamiX,framework,1
HostIP Info,widgets,1
AbandonAid,analytics,1
Creative Network Innovations,hosting,1
AddShoppers,widgets,1
Realtime Register,ns,1
Cyso Hosting,hosting,1
Twenty Ten,framework,3
Meteor Slides,widgets,2
Power DNN,hosting,2
Power DNN,ns,1
Feedburner Subscribe,widgets,1
AvanGate,ads,2
Netop,widgets,1
AvantLink,ads,2
SugarJS,javascript,1
Total Server Solutions,hosting,3
EarthLink DNS,ns,1
MBR Targeting,ads,1
Prado Framework,framework,1
Pinnacle Cart,shop,1
Emailcenter,analytics,1
ISPrime Hosting,hosting,1
Metrilo,analytics,1
Silicon Valley Web Hosting,hosting,1
Web.com Email,mx,2
BigCommerce Hosting,hosting,1
Comodo Enterprise SGC WildCard,ssl,1
Goodz Magazine,framework,1
Bootstrap Sortable,javascript,1
xCharts,widgets,1
Unilog,shop,1
CleverBridge,shop,3
Cleverbridge Affiliate,ads,1
SingleFeed,analytics,1
SLI Systems,analytics,1
SecuredVisit,analytics,1
Triggit,ads,1
Certona,analytics,1
CommerceV3 Mail,mx,1
Highslide,javascript,2
SearchSpring,widgets,2
NaviStone,analytics,1
Connected Business,shop,1
Spartan,framework,1
Cookie Info Script,widgets,1
CoolaData,analytics,1
Decibel,framework,1
IX Web Hosting,hosting,2
Net Access Corportation,hosting,2
My Calendar,widgets,1
CS Cart,shop,1
Kalio,shop,1
KartRocket,shop,1
Sokrati,analytics,2
Popup Domination,widgets,1
papaya CMS,cms,1
Kooomo,shop,1
DocoDoco,javascript,1
CyberTrust Verizon Japan EV,ssl,1
beBit WebAntenna,ads,1
Emediate,ads,2
OpenSSL 0.9.7,Server,3
GZIP Module,Server,2
TradePub,link,1
Neto,shop,1
Hetzner Africa DNS,ns,1
Copyright Year 2008,copyright,1
Fanplayr,analytics,1
Human Click,widgets,2
Nexternal,shop,1
Media Temple SSL,ssl,1
Woo Themes,framework,1
Wild West Domains,ads,1
Oorjit,shop,1
Blue Dart,shipping,1
DTDC,shipping,1
Mantis Bug Tracker,cms,2
WooCommerce 3.0,shop,3
osCommerce,shop,1
OXID Eshop Enterprise,shop,1
Trusted Shops,widgets,2
OXID EShop,shop,1
Econda,analytics,2
vBulletin 3.x,cms,3
Tapatalk,cms,1
Taggstar,widgets,1
F5 DDoS Protection,widgets,1
Jarallax,javascript,1
X-Cart,shop,3
Celery,payment,1
3D Cart,shop,1
3D Cart Mail,mx,1
3D Cart Hosting,hosting,1
Drupal Version 7.1x,cms,1
Atomz,widgets,1
TagInspector,widgets,1
Uplift,framework,2
Smartly,ads,1
Intershop,shop,1
Liquid Web DNS,ns,4
TopUp,javascript,1
Burning Board,cms,1
Jimdo,cms,1
SaleCycle,analytics,1
The Company,framework,1
CariNet,hosting,1
Segmentify,analytics,1
Writing,framework,2
Metrolium,framework,1
Shopgate Link,link,1
Shopify Canadian Dollar,shop,1
Shopify Australian Dollar,shop,1
Lifter Apps,widgets,1
Back in Stock,widgets,1
Stamped,widgets,1
PrestaShop,shop,2
Shopline,shop,1
Shopping Cart Elite,shop,1
Shoprocket,shop,1
ShopSite,shop,1
Buysight,analytics,1
ShopSocially,widgets,1
Hornetsecurity,mx,1
Profihost,hosting,1
Overheat,analytics,1
Shopware,shop,1
Flatsome,framework,1
WooCommerce Add To Cart,shop,1
OpenSSL 0.9.6,Server,1
Frontpage Extensions,framework,3
Snipcart,shop,1
Microsoft Azure US East2 Region,hosting,1
Australia Post,shipping,1
JSX Transformer,javascript,1
WordPress 3.0,cms,1
Sentient,framework,1
AdMatic,ads,1
Storenvy,shop,1
RealVu,ads,1
StoreYa,widgets,1
ICONZ,hosting,1
SimpleMag,framework,1
Venda,shop,1
Vendio,shop,1
Auctiva,hosting,1
Google Hosted MooTools,javascript,1
Vizury,analytics,1
Volusion Live Chat,widgets,1
Volusion SSL,ssl,1
Volusion Email,mx,1
Bronto Email,mx,1
Volusion Hosting,hosting,2
VTEX,shop,1
Adyen,payment,1
Zoom Analytics,analytics,1
DirectTrack,ads,1
WP-Cycle,widgets,1
WebMatrix,framework,1
TierraNet,hosting,1
LemonStand Cloud,shop,1
AdSpeed,ads,1
LexisNexus,cms,1
Yahoo Geocities Analytics,analytics,1
Lexity,analytics,1
Logaholic,analytics,1
OpenCart,shop,1
City Network,hosting,1
GSI Commerce Hosted,hosting,1
Rees46,analytics,1
Rejoiner,analytics,1
RU Center DNS,ns,1
UltraCart,shop,1
Connecto,analytics,1
UniteU,shop,1
TurboBytes,cdn,2
Bongo International,widgets,1
Upshot Commerce,shop,1
Zerolag,hosting,2
Znode,shop,1
TheFind Upfront,widgets,1
Simple CDN,cdn,1
BuySafe,widgets,1
Facebook Badge,widgets,1
nginx 1.5,Web Server,1
FuseMail,mx,1
Zoovy,shop,2
PriceGrabber,widgets,1
WHERE,ads,1
Channel IQ,analytics,1
SerivceNow,mx,2
Coda Slider,javascript,1
Fortune3,ns,1
mod_ssl 2.8.28,Server,1
FoxyCart,shop,1
Facebook Subscribe,widgets,1
MoonRay,mx,1
GoECart,shop,1
Thawte Seal,widgets,3
Calq,analytics,1
Paddle,payment,1
Six Degrees Group,hosting,1
BT,hosting,1
WP reCAPTCHA,widgets,1
PlentyMarkets,shop,1
SkyGlue,analytics,1
Infomaniak Mail,mx,1
Infomaniak Network,hosting,1
Prediggo,analytics,1
Login with PayPal,widgets,1
eSearchVision,ads,1
Vanguard,framework,1
Workarea,shop,2
Fat Free Framework,framework,1
Graphene,framework,1
NextGEN Gallery,widgets,3
XSellco,widgets,1
xt Commerce,shop,1
Belboon,ads,1
Hostway DNS,ns,2
Gravity R and D,ads,1
Oxatis,shop,1
genesys informatica,hosting,1
Vautron DNS,ns,1
AdTriba,analytics,1
C.C.S. Leeds,hosting,1
Stripe Button,widgets,1
SpaceWeb,hosting,1
Roistat,analytics,2
retail CRM,analytics,1
Social Share Privacy,javascript,1
WebFaction,hosting,1
Avensys Networks,hosting,1
Sales Engine International,analytics,1
Register.com Mail,mx,1
Affiliate Window,ads,1
Internet Port Hamburg,hosting,1
Forpsi DNS,ns,1
Improved AJAX Login,widgets,1
MageMail,analytics,1
Martjack,shop,1
Strata,framework,1
MovableType,cms,1
Cox Communications,hosting,1
Mineral,framework,1
OneStop Internet,shop,1
10Duke,widgets,1
LightEdge Solutions,hosting,1
KCOM Group,hosting,1
Adobe RoboHelp,javascript,2
Box,widgets,1
Simple Helix,hosting,1
TypeSquare,widgets,1
4D Data Centres,hosting,1
Surftown,hosting,1
Madidus,framework,1
Custora,analytics,1
Chitika,ads,1
JumpLine,hosting,1
Sitelutions,ns,1
US Internet,hosting,1
Knowledge Marketing,mx,1
Meltwater,analytics,1
Jwerty,javascript,1
Spiceworks,cms,4
NuggAd,ads,1
eNom Hosting,hosting,1
Microsoft Azure Asia East Region,hosting,2
Tableau,widgets,1
LiftIgniter,analytics,1
CDNetworks,cdns,1
Register.IT DNS,ns,1
Zope,framework,1
ZServer,Web Server,1
TailTarget,ads,1
Tail Target,ads,1
YetAnotherForum,cms,1
IPG Mediabrands,cms,1
ClickDimensions Mail,mx,3
Coveo,widgets,2
Sparkler,framework,1
LinkedIn Recommend Button,widgets,1
BrainPad Rtoaster,analytics,1
Hyper Cache,widgets,1
Igloo Software,cms,1
TWiki,cms,1
WP eCommerce,shop,1
GetShopped,shop,1
Sidebar Login for WordPress,widgets,1
Deutsche Telekom,hosting,1
Deutsche Telekom DNS,ns,1
Sanabel,framework,1
ColoSpace,hosting,1
Quick Cache,widgets,1
Modernize,framework,1
Seg,analytics,1
Infinario,analytics,1
Network Solutions Site Seal,widgets,1
SigOpt,analytics,1
Gandi Pro SSL,ssl,2
iNove,framework,1
Suddenlink Communications,hosting,1
MochiKit,javascript,1
mod_ssl 2.8.31,Server,1
Namecheap Private Email,mx,2
SuccessFactors,widgets,1
Validately,analytics,1
LessButtons,widgets,1
Solveto,framework,1
Mobius,framework,1
Zeus,Web Server,1
Datalicious DataCollector,analytics,1
Aixit,hosting,1
DC Storm,analytics,1
LiveLOOK,widgets,1
Yahoo Bookmarklet,widgets,1
LiveBall,analytics,1
SundaySky,media,1
TowardEX,hosting,1
Nine Internet Solutions,hosting,1
Immedion,hosting,1
Social9,widgets,3
Caddy,Web Server,1
Sprint Business,mx,1
Web.com Hosting,hosting,1
Sarraty,framework,1
Tiki Wiki CMS Groupware,cms,1
RJMetrics,analytics,1
Secure Hosting,hosting,1
Infographer,framework,1
Adobe GoLive,framework,1
FindTheBest,ads,1
Sourcepoint,ads,1
Graphiq,widgets,1
Facebook Messenger Platform,widgets,1
Wirecard,payment,1
Porcelain,framework,1
Comodo EV SGC,ssl,1
LifeStyle,framework,1
Solution Pro,hosting,1
Xajax,javascript,1
UKFast.Net DNS,ns,1
Adswizz,ads,1
Aha Ideas,cms,1
NetArt,hosting,1
Bounce IO,mx,1
Riddle,widgets,1
STOMP Over WebSocket,javascript,1
Astronomer,analytics,1
Spacious,framework,1
Facebook Activity Feed,widgets,1
eXo Platform,cms,1
Magic Software,widgets,1
Atlantech Online,hosting,2
MentAd,analytics,1
RapidWeaver,cms,1
RapidWeaver,cms,1
Mezzobit,widgets,1
Leady,analytics,1
mParticle,analytics,1
Google Gadgets,widgets,1
Distil Networks,hosting,1
Crunchbase API,widgets,1
digital.forest,hosting,1
Easing Slider for WordPress,widgets,1
Key-Systems,hosting,1
Internet Initiative Japan,hosting,1
Home PL,hosting,1
Google Analytics Timings,analytics,2
GrowingIO,analytics,1
Adbutler,ads,1
Livechatoo,widgets,1
Anchor,framework,1
Strato DNS,ns,1
ProfitBricks,hosting,1
Servage One DNS,ns,1
IP-Only Sweden,hosting,1
Hippo,cms,1
Windstream,hosting,1
Cbeyond Communications,hosting,1
Sparkle,framework,1
