1,google.com
2,facebook.com
3,youtube.com
4,yahoo.com
5,baidu.com
6,amazon.com
7,wikipedia.org
8,taobao.com
9,twitter.com
10,qq.com
11,google.co.in
12,live.com
13,sina.com.cn
14,linkedin.com
15,weibo.com
16,yahoo.co.jp
17,tmall.com
18,ebay.com
19,google.co.jp
20,blogspot.com
21,yandex.ru
22,google.de
23,vk.com
24,hao123.com
25,bing.com
26,t.co
27,msn.com
28,google.co.uk
29,onclickads.net
30,amazon.co.jp
31,ask.com
32,sohu.com
33,google.fr
34,instagram.com
35,google.com.br
36,reddit.com
37,aliexpress.com
38,mail.ru
39,wordpress.com
40,pinterest.com
41,gmail.com
42,paypal.com
43,xvideos.com
44,tumblr.com
45,google.ru
46,imgur.com
47,microsoft.com
48,google.it
49,apple.com
50,fc2.com
51,google.es
52,alibaba.com
53,adcash.com
54,360.cn
55,imdb.com
56,googleadservices.com
57,amazon.de
58,diply.com
59,netflix.com
60,craigslist.org
61,ok.ru
62,google.ca
63,stackoverflow.com
64,google.com.mx
65,xhamster.com
66,naver.com
67,tianya.cn
68,go.com
69,pornhub.com
70,google.com.hk
71,google.com.tr
72,bbc.co.uk
73,amazon.co.uk
74,rakuten.co.jp
75,gmw.cn
76,people.com.cn
77,ebay.de
78,cntv.cn
79,google.co.id
80,xinhuanet.com
81,soso.com
82,nicovideo.jp
83,google.pl
84,kickass.to
85,cnn.com
86,google.com.au
87,amazon.cn
88,outbrain.com
89,dailymotion.com
90,dropbox.com
91,chinadaily.com.cn
92,flipkart.com
93,youku.com
94,163.com
95,googleusercontent.com
96,pixnet.net
97,bycontext.com
98,google.co.kr
99,alipay.com
100,amazon.in
101,directrev.com
102,livedoor.com
103,booking.com
104,github.com
105,jd.com
106,ebay.co.uk
107,adobe.com
108,espn.go.com
109,google.com.tw
110,indiatimes.com
111,huffingtonpost.com
112,wikia.com
113,xnxx.com
114,dailymail.co.uk
115,nytimes.com
116,blogger.com
117,youradexchange.com
118,google.com.sa
119,uol.com.br
120,chase.com
121,buzzfeed.com
122,china.com
123,google.com.eg
124,google.nl
125,google.co.th
126,tudou.com
127,sogou.com
128,coccoc.com
129,dmm.co.jp
130,google.com.ar
131,blogspot.in
132,ettoday.net
133,popads.net
134,bankofamerica.com
135,ameblo.jp
136,google.com.pk
137,slideshare.net
138,flickr.com
139,douban.com
140,pconline.com.cn
141,redtube.com
142,globo.com
143,bongacams.com
144,walmart.com
145,amazonaws.com
146,warmportrait.com
147,amazon.fr
148,etsy.com
149,about.com
150,daum.net
151,cnet.com
152,aol.com
153,bbc.com
154,weather.com
155,youporn.com
156,theguardian.com
157,yelp.com
158,life.com.tw
159,naver.jp
160,quora.com
161,twitch.tv
162,loading-delivery1.com
163,zillow.com
164,snapdeal.com
165,indeed.com
166,adf.ly
167,mystart.com
168,deviantart.com
169,stackexchange.com
170,wellsfargo.com
171,google.co.za
172,google.co.ve
173,vimeo.com
174,microsoftonline.com
175,forbes.com
176,google.gr
177,godaddy.com
178,office365.com
179,reference.com
180,stamplive.com
181,amazon.it
182,leboncoin.fr
183,soundcloud.com
184,wordpress.org
185,bp.blogspot.com
186,ilividnewtab.com
187,wikihow.com
188,feedly.com
189,tubecup.com
190,themeforest.net
191,tripadvisor.com
192,doublepimp.com
193,thepiratebay.se
194,google.com.ua
195,allegro.pl
196,espncricinfo.com
197,salesforce.com
198,popcash.net
199,foxnews.com
200,livejournal.com
201,zol.com.cn
202,onet.pl
203,goo.ne.jp
204,ifeng.com
205,homedepot.com
206,ikea.com
207,businessinsider.com
208,china.com.cn
209,xuite.net
210,kakaku.com
211,wikimedia.org
212,taboola.com
213,files.wordpress.com
214,nih.gov
215,avito.ru
216,abs-cbnnews.com
217,pixiv.net
218,bestbuy.com
219,w3schools.com
220,detail.tmall.com
221,google.be
222,comcast.net
223,zhihu.com
224,mydomainadvisor.com
225,target.com
226,vice.com
227,theadgateway.com
228,pclady.com.cn
229,mediafire.com
230,mozilla.org
231,google.com.co
232,telegraph.co.uk
233,ups.com
234,9gag.com
235,google.com.ng
236,google.com.sg
237,gamer.com.tw
238,web.de
239,secureserver.net
240,bitauto.com
241,google.ro
242,livejasmin.com
243,addthis.com
244,gfycat.com
245,washingtonpost.com
246,doorblog.jp
247,blogfa.com
248,usps.com
249,avg.com
250,archive.org
251,wix.com
252,americanexpress.com
253,gmx.net
254,blogspot.com.br
255,groupon.com
256,softonic.com
257,xywy.com
258,badoo.com
259,mailchimp.com
260,adplxmd.com
261,sourceforge.net
262,office.com
263,google.com.ph
264,google.at
265,wow.com
266,shutterstock.com
267,quikr.com
268,ndtv.com
269,google.cn
270,orange.fr
271,google.pt
272,amazon.es
273,dmm.com
274,weebly.com
275,caijing.com.cn
276,youm7.com
277,goodreads.com
278,steamcommunity.com
279,pandora.com
280,wordreference.com
281,ask.fm
282,reimageplus.com
283,bild.de
284,skype.com
285,mercadolivre.com.br
286,pchome.net
287,ign.com
288,kaskus.co.id
289,gome.com.cn
290,mashable.com
291,google.com.pe
292,smzdm.com
293,github.io
294,google.se
295,webmd.com
296,hulu.com
297,akamaihd.net
298,force.com
299,stumbleupon.com
300,uptodown.com
301,webssearches.com
302,hdfcbank.com
303,youth.cn
304,wp.pl
305,icicibank.com
306,capitalone.com
307,bilibili.com
308,teepr.com
309,google.ae
310,usatoday.com
311,rambler.ru
312,hootsuite.com
313,spiegel.de
314,google.ch
315,steampowered.com
316,hp.com
317,t-online.de
318,seznam.cz
319,mama.cn
320,bomb01.com
321,udn.com
322,mlb.com
323,tube8.com
324,fedex.com
325,drseks.com
326,bet365.com
327,google.cl
328,rediff.com
329,mobile01.com
330,wsj.com
331,whatsapp.com
332,engadget.com
333,bleacherreport.com
334,answers.com
335,chinatimes.com
336,dell.com
337,jabong.com
338,bloomberg.com
339,39.net
340,theladbible.com
341,hurriyet.com.tr
342,extratorrent.cc
343,speedtest.net
344,nba.com
345,accuweather.com
346,google.no
347,privatehomeclips.com
348,google.com.bd
349,samsung.com
350,varzesh3.com
351,likes.com
352,time.com
353,google.dz
354,spotify.com
355,ijreview.com
356,trackingclick.net
357,slickdeals.net
358,amazon.ca
359,media.tumblr.com
360,flirchi.com
361,gsmarena.com
362,onlinesbi.com
363,verizonwireless.com
364,haosou.com
365,zendesk.com
366,google.cz
367,rutracker.org
368,eastmoney.com
369,newegg.com
370,kompas.com
371,ebay.in
372,infusionsoft.com
373,vipcpms.com
374,2ch.net
375,babytree.com
376,truemediapipe.com
377,google.co.hu
378,google.ie
379,gameforge.com
380,iqiyi.com
381,lady8844.com
382,ad132m.com
383,thefreedictionary.com
384,4shared.com
385,liveinternet.ru
386,lifehacker.com
387,photobucket.com
388,kickstarter.com
389,sahibinden.com
390,libero.it
391,fbcdn.net
392,sabq.org
393,marca.com
394,milliyet.com.tr
395,staticwebdom.com
396,google.co.il
397,webtretho.com
398,ltn.com.tw
399,macys.com
400,evernote.com
401,ck101.com
402,buzzfil.net
403,bestadbid.com
404,tistory.com
405,ero-advertising.com
406,att.com
407,lowes.com
408,blog.jp
409,scribd.com
410,twimg.com
411,meetup.com
412,livedoor.biz
413,ameba.jp
414,fiverr.com
415,eksisozluk.com
416,chaturbate.com
417,gizmodo.com
418,reuters.com
419,disqus.com
420,oracle.com
421,goal.com
422,xda-developers.com
423,bhaskar.com
424,torrentz.eu
425,justdial.com
426,expedia.com
427,csdn.net
428,yandex.ua
429,gmarket.co.kr
430,surveymonkey.com
431,citibank.com
432,ink361.com
433,ebay.com.au
434,ce.cn
435,taleo.net
436,nyaa.se
437,naukri.com
438,free.fr
439,rt.com
440,trello.com
441,uploaded.net
442,ppomppu.co.kr
443,mega.co.nz
444,intuit.com
445,liputan6.com
446,java.com
447,kouclo.com
448,detik.com
449,agoda.com
450,autohome.com.cn
451,ebay.it
452,repubblica.it
453,tlbb8.com
454,list-manage.com
455,kooora.com
456,olx.in
457,exoclick.com
458,trulia.com
459,gap.com
460,theverge.com
461,icloud.com
462,32d1d3b9c.se
463,retailmenot.com
464,cloudfront.net
465,sberbank.ru
466,mobile.de
467,kohls.com
468,hupu.com
469,sabah.com.tr
470,hdzog.com
471,elpais.com
472,realtor.com
473,doubleclick.com
474,asos.com
475,hudong.com
476,google.com.vn
477,xe.com
478,irctc.co.in
479,souq.com
480,battle.net
481,blogimg.jp
482,hotels.com
483,b5m.com
484,ashleyrnadison.com
485,6pm.com
486,nordstrom.com
487,paytm.com
488,wunderground.com
489,styletv.com.cn
490,kijiji.ca
491,google.fi
492,zippyshare.com
493,techcrunch.com
494,google.dk
495,youboy.com
496,eyny.com
497,impress.co.jp
498,lazada.co.id
499,kinopoisk.ru
500,airbnb.com
501,shopclues.com
502,mercadolibre.com.ar
503,rbc.ru
504,okcupid.com
505,vetogate.com
506,4dsply.com
507,google.com.my
508,mystartsearch.com
509,corriere.it
510,google.sk
511,onedio.com
512,tabelog.com
513,iplt20.com
514,savefrom.net
515,jqw.com
516,subscene.com
517,chinaz.com
518,issuu.com
519,elmundo.es
520,tmz.com
521,beeg.com
522,hm.com
523,slimspots.com
524,constantcontact.com
525,duckduckgo.com
526,click4stat.com
527,haiwainet.cn
528,kayak.com
529,ancestry.com
530,intoday.in
531,independent.co.uk
532,moz.com
533,npr.org
534,eastday.com
535,siteadvisor.com
536,abcnews.go.com
537,houzz.com
538,glassdoor.com
539,youtube-mp3.org
540,eonline.com
541,hatena.ne.jp
542,goodgamestudios.com
543,cnzz.com
544,ucoz.ru
545,blogspot.jp
546,seesaa.net
547,wikiwiki.jp
548,pcpop.com
549,nbcnews.com
550,codecanyon.net
551,ptt01.cc
552,azlyrics.com
553,aweber.com
554,ad120m.com
555,taringa.net
556,mi.com
557,woot.com
558,mixi.jp
559,playstation.com
560,11st.co.kr
561,ganji.com
562,enet.com.cn
563,nike.com
564,pof.com
565,sakura.ne.jp
566,gazeta.pl
567,verizon.com
568,gamefaqs.com
569,it168.com
570,moneycontrol.com
571,wonderlandads.com
572,streamcloud.eu
573,sears.com
574,58.com
575,box.com
576,bitly.com
577,vnexpress.net
578,trklnks.com
579,mirror.co.uk
580,statcounter.com
581,donga.com
582,people.com
583,youdao.com
584,abril.com.br
585,stockstar.com
586,fidelity.com
587,aparat.com
588,overstock.com
589,nifty.com
590,lifebuzz.com
591,lenovo.com
592,costco.com
593,jimdo.com
594,subito.it
595,discovercard.com
596,appledaily.com.tw
597,mercadolibre.com.ve
598,olx.pl
599,shopify.com
600,ehow.com
601,lenta.ru
602,southwest.com
603,urbandictionary.com
604,urdupoint.com
605,swagbucks.com
606,youjizz.com
607,17ok.com
608,instructables.com
609,domaintools.com
610,rottentomatoes.com
611,eventbrite.com
612,torrentz.in
613,xfinity.com
614,hespress.com
615,albawabhnews.com
616,workercn.cn
617,rednet.cn
618,drudgereport.com
619,zing.vn
620,livescore.com
621,onlylady.com
622,hostgator.com
623,pinimg.com
624,interia.pl
625,allrecipes.com
626,staples.com
627,ewt.cc
628,zulily.com
629,cbssports.com
630,php.net
631,blog.me
632,putlocker.is
633,airtel.in
634,pch.com
635,ero-video.net
636,fanli.com
637,dianping.com
638,priceline.com
639,ebay.fr
640,myntra.com
641,ca.gov
642,gismeteo.ru
643,timeanddate.com
644,asana.com
645,so-net.ne.jp
646,voc.com.cn
647,slate.com
648,delta-homes.com
649,squarespace.com
650,bhphotovideo.com
651,jrj.com.cn
652,in.com
653,all2lnk.com
654,tnaflix.com
655,nydailynews.com
656,chip.de
657,bodybuilding.com
658,wetransfer.com
659,what-character-are-you.com
660,ig.com.br
661,sex.com
662,epweike.com
663,iflscience.com
664,blogspot.mx
665,omnaling.com
666,cityadspix.com
667,lolwot.com
668,japanpost.jp
669,slack.com
670,latimes.com
671,shareba.com
672,digikala.com
673,bukalapak.com
674,cnblogs.com
675,wired.com
676,academia.edu
677,globososo.com
678,chinaso.com
679,el-balad.com
680,cracked.com
681,google.co.nz
682,neobux.com
683,pantip.com
684,irs.gov
685,porn.com
686,tinyurl.com
687,etao.com
688,commentcamarche.net
689,news.com.au
690,myway.com
691,shareasale.com
692,williamhill.com
693,kdnet.net
694,soku.com
695,chron.com
696,statsmobi.com
697,makemytrip.com
698,twoo.com
699,wiktionary.org
700,asus.com
701,cricbuzz.com
702,gawker.com
703,xunlei.com
704,rapidgator.net
705,biglobe.ne.jp
706,united.com
707,nfl.com
708,smartshopping.com
709,haber7.com
710,nhl.com
711,goo.gl
712,douyutv.com
713,billdesk.com
714,change.org
715,ci123.com
716,ew.com
717,babycenter.com
718,315che.com
719,nmisr.com
720,filmon-ads.com
721,vcommission.com
722,myfitnesspal.com
723,emol.com
724,pcmag.com
725,cnbc.com
726,lemonde.fr
727,blackboard.com
728,lefigaro.fr
729,marketwatch.com
730,zoho.com
731,aa.com
732,zappos.com
733,e-hentai.org
734,bookmyshow.com
735,f54d6bf2b1.se
736,vi-view.com
737,disney.go.com
738,r10.net
739,exblog.jp
740,ria.ru
741,momoshop.com.tw
742,junbi-tracker.com
743,udemy.com
744,atwiki.jp
745,gemius.pl
746,custhelp.com
747,mercadolibre.com.mx
748,cookpad.com
749,focus.de
750,sbnation.com
751,torcache.net
752,comcast.com
753,adsrvmedia.net
754,elwatannews.com
755,medium.com
756,foodnetwork.com
757,omiga-plus.com
758,rightmove.co.uk
759,googleapis.com
760,google.com.kw
761,vine.co
762,facenama.com
763,patch.com
764,semrush.com
765,drtuber.com
766,backpage.com
767,lapatilla.com
768,weblio.jp
769,warofclicks.com
770,state.gov
771,google.bg
772,coupons.com
773,wav.tv
774,nikkei.com
775,google.lk
776,affclicker.com
777,coursera.org
778,usaa.com
779,ibm.com
780,renren.com
781,milanuncios.com
782,thehindu.com
783,mynet.com
784,primewire.ag
785,fitbit.com
786,k618.cn
787,basecamp.com
788,usbank.com
789,usmagazine.com
790,elmogaz.com
791,elfagr.org
792,delta.com
793,yts.to
794,reverso.net
795,match.com
796,www.gov.uk
797,friv.com
798,as.com
799,sciencedirect.com
800,ted.com
801,elance.com
802,yandex.com.tr
803,ticketmaster.com
804,saramin.co.kr
805,mackolik.com
806,abplive.in
807,auction.co.kr
808,gyazo.com
809,westernjournalism.com
810,filehippo.com
811,sfgate.com
812,google.rs
813,istartsurf.com
814,nate.com
815,tagged.com
816,bidvertiser.com
817,sulekha.com
818,gofundme.com
819,22find.com
820,nhk.or.jp
821,mihanblog.com
822,cbsnews.com
823,indianrail.gov.in
824,bluehost.com
825,mayoclinic.org
826,geocities.jp
827,mynavi.jp
828,cbs.com
829,kotaku.com
830,webex.com
831,ytimg.com
832,mackeeper.com
833,prntscr.com
834,tomshardware.com
835,hubspot.com
836,letv.com
837,ruten.com.tw
838,behance.net
839,superuser.com
840,lequipe.fr
841,webcrawler.com
842,entrepreneur.com
843,europa.eu
844,yandex.kz
845,padsdel.com
846,cdiscount.com
847,trovi.com
848,adp.com
849,yodobashi.com
850,sky.com
851,mbc.net
852,tribunnews.com
853,novinky.cz
854,blogspot.de
855,netteller.com
856,olx.com.br
857,wetter.com
858,biobiochile.cl
859,104.com.tw
860,gamespot.com
861,liveleak.com
862,gutefrage.net
863,track300.com
864,acfun.tv
865,cbc.ca
866,m-w.com
867,clien.net
868,xing.com
869,jcpenney.com
870,sapo.pt
871,io9.com
872,leagueoflegends.com
873,histats.com
874,pchome.com.tw
875,126.com
876,safehomepage.com
877,cpasbien.pw
878,efix.com
879,yandex.by
880,investopedia.com
881,sfr.fr
882,tahrirnews.com
883,researchgate.net
884,terra.com.br
885,android.com
886,myfreecams.com
887,mit.edu
888,altervista.org
889,cisco.com
890,xbox.com
891,monster.com
892,sh.st
893,anitube.se
894,asahi.com
895,cbslocal.com
896,india.com
897,dreamstime.com
898,free-tv-video-online.info
899,freepik.com
900,rockstargames.com
901,nownews.com
902,livestrong.com
903,tokopedia.com
904,am15.net
905,almasryalyoum.com
906,whitepages.com
907,gumtree.com
908,digg.com
909,weather.gov
910,yellowpages.com
911,vk.me
912,jumia.com.ng
913,ixxx.com
914,ebates.com
915,itmedia.co.jp
916,himado.in
917,huaban.com
918,lun.com
919,4chan.org
920,olx.ua
921,google.hr
922,gazzetta.it
923,adme.ru
924,ccb.com
925,sahadan.com
926,t-mobile.com
927,instructure.com
928,emgn.com
929,pagesjaunes.fr
930,hardsextube.com
931,folha.uol.com.br
932,allocine.fr
933,popsugar.com
934,mapquest.com
935,21cn.com
936,media-fire.org
937,faithtap.com
938,wayfair.com
939,how-old.net
940,focus.cn
941,farsnews.com
942,audible.com
943,informer.com
944,forever21.com
945,indianexpress.com
946,7769domain.com
947,adidas.tmall.com
948,androidcentral.com
949,suning.com
950,immobilienscout24.de
951,theblaze.com
952,redfin.com
953,google.by
954,bahn.de
955,dafont.com
956,ebay.ca
957,2chblog.jp
958,blogspot.ru
959,123rf.com
960,iminent.com
961,howtogeek.com
962,deadspin.com
963,lanacion.com.ar
964,prothom-alo.com
965,qingdaonews.com
966,rakuten.ne.jp
967,nbcsports.com
968,hatenablog.com
969,food.com
970,oyunskor.com
971,watsons.tmall.com
972,mediaset.it
973,masrawy.com
974,tsite.jp
975,xtube.com
976,zara.com
977,yhd.com
978,alarabiya.net
979,nypost.com
980,google.com.ec
981,offpageads.com
982,thedailybeast.com
983,littlethings.com
984,hilton.com
985,sharepoint.com
986,techradar.com
987,1webcatalog.com
988,walgreens.com
989,scoop.it
990,marriott.com
991,deezer.com
992,4399.com
993,clarin.com
994,adultfriendfinder.com
995,rutor.org
996,drom.ru
997,marktplaats.nl
998,carview.co.jp
999,typepad.com
1000,smh.com.au
