Title,Link,Points,num_comments,Author,created_date,created_time,day of the week
Steve Jobs has passed away.,http://www.apple.com/stevejobs/,4271,376,patricktomas,10/5/2011,23:42:23,Wednesday
UK votes to leave EU,http://www.bbc.co.uk/news/uk-politics-36615028,3125,2531,dmmalam,6/24/2016,3:48:57,Friday
2048,http://gabrielecirulli.github.io/2048/,2732,398,frederfred,3/10/2014,15:44:42,Monday
Pardon Snowden,https://www.pardonsnowden.org/,2553,781,erlend_sh,9/14/2016,8:31:15,Wednesday
Be Kind,https://www.briangilham.com/blog/2016/10/10/be-kind,2475,434,bgilham,10/14/2016,12:26:46,Friday
Microsoft takes .NET open source and cross-platform,http://www.jwz.org/blog/2011/11/watch-a-vc-use-my-name-to-sell-a-con/,2376,772,ethomson,11/12/2014,15:37:27,Wednesday
G is for Google,http://www.spacex.com/Mars?,2228,561,dkasper,8/10/2015,20:45:29,Monday
"Email Encryption Software Relies on One Guy, Who Is Going Broke",http://tech.mit.edu/V132/N61/swartz.html,2088,453,r0h1n,2/5/2015,15:46:51,Thursday
Microsoft to acquire LinkedIn for $26B,http://blog.dustinkirkland.com/2016/03/ubuntu-on-windows.html?m=1,2049,831,whatok,6/13/2016,12:34:30,Monday
Request for Startups: Kill Hollywood.,https://www.eff.org/deeplinks/2014/11/certificate-authority-encrypt-entire-web,2026,673,dzlobin,1/20/2012,22:38:02,Friday
"Physicists Detect Gravitational Waves, Proving Einstein Right",http://techcrunch.com/2015/09/16/14-year-old-boy-arrested-for-bringing-homemade-clock-to-school/,2011,483,intull,2/11/2016,15:37:52,Thursday
Today is The Day We Fight Back,https://plus.google.com/u/2/101960720994009339267/posts/ENuEDDYfvKP?hl=en,1958,260,brokenparser,2/11/2014,8:12:28,Tuesday
Google Reader shutting down,https://blog.ycombinator.com/basic-income,1926,704,knurdle,3/13/2013,23:13:29,Wednesday
"Same-Sex Marriage Is a Right, Supreme Court Rules",https://www.bunniestudios.com/blog/?p=4782,1905,1195,imd23,6/26/2015,14:13:55,Friday
All Our Patent Are Belong To You,https://twitter.com/sarahjeong/status/735924335412543488,1855,322,gkoberger,6/12/2014,17:02:33,Thursday
"Master Plan, Part Deux",https://www.washingtonpost.com/news/the-fix/wp/2016/11/08/donald-trumps-path-to-victory-is-suddenly-looking-much-much-wider/?hpid=hp_hp-bignews3_fix-electoralmap-210am%3Ahomepage%2Fstory,1851,677,arturogarrido,7/21/2016,0:52:28,Thursday
Swift is Open Source,http://bellard.org/jslinux/,1824,432,psuter,12/3/2015,15:05:37,Thursday
A Most Peculiar Test Drive,http://www.gwan.com/blog/20160405.html,1815,581,reneherse,2/14/2013,7:37:14,Thursday
YC Research,http://paulgraham.com/jessica.html,1776,368,sama,10/7/2015,18:15:25,Wednesday
Lavabit abruptly shuts down,http://www.haneycodes.net/npm-left-pad-have-we-forgotten-how-to-program/,1747,643,cstuder,8/8/2013,19:12:34,Thursday
Breaking down Amazon's mega dropdown,http://techcrunch.com/2011/12/22/paul-graham-sopa-supporting-companies-no-longer-allowed-at-yc-demo-day/,1734,193,df07,3/6/2013,13:20:58,Wednesday
A Sisters Eulogy for Steve Jobs,http://blog.ycombinator.com/hacker-news-api,1722,128,NaOH,10/30/2011,18:15:52,Sunday
Heroku's Ugly Secret: The story of how the cloud-king turned its back on Rails,https://github.com/dear-github/dear-github,1715,426,tomlemon,2/13/2013,21:47:09,Wednesday
Yarn – A new package manager for JavaScript,https://stripe.com/atlas,1714,469,cpojer,10/11/2016,15:00:38,Tuesday
RethinkDB is shutting down,http://heartbleed.com/,1674,441,neumino,10/6/2016,1:25:24,Thursday
Steve Jobs Resigns as CEO of Apple,http://jgthms.com/web-design-in-4-minutes/,1638,308,taylorbuley,8/24/2011,22:37:35,Wednesday
Tell HN: Political Detox Week – No politics on HN for one week,http://danluu.com/programmer-moneyball/,1627,1213,dang,12/5/2016,19:24:07,Monday
Show HN: Web Design in 4 minutes,http://tsaoutofourpants.wordpress.com/2012/03/06/1b-of-nude-body-scanners-made-worthless-by-blog-how-anyone-can-get-anything-past-the-tsas-nude-body-scanners/,1624,152,bbx,7/26/2016,16:17:42,Tuesday
We only hire the trendiest,http://techcrunch.com/2015/04/29/microsoft-shocks-the-world-with-visual-studio-code-a-free-code-editor-for-os-x-linux-and-windows/,1615,716,profcalculus,3/21/2016,9:20:39,Monday
$1B of TSA Nude Body Scanners Made Worthless By Blog ,http://www.nytimes.com/2015/02/27/arts/television/leonard-nimoy-spock-of-star-trek-dies-at-83.html?smid=tw-bna,1611,332,zotz,3/6/2012,23:39:16,Tuesday
"Microsoft Launches Visual Studio Code, a Free Cross-Platform Code Editor",https://github.com/blog/2164-introducing-unlimited-private-repositories,1608,542,MikusR,4/29/2015,16:20:57,Wednesday
"Leonard Nimoy, Spock of ‘Star Trek,’ Dies at 83",https://www.youtube.com/watch?v=eatfgXTMFf0,1584,165,coloneltcb,2/27/2015,17:12:42,Friday
Introducing unlimited private repositories,http://www.exfiltrated.com/research-Instagram-RCE.php,1576,631,fuzionmonkey,5/11/2016,6:50:52,Wednesday
"Being sued, in East Texas, for using the Google Play Store [video]",http://tensorflow.org/,1565,400,egb,6/8/2016,14:29:08,Wednesday
Instagram's Million Dollar Bug,http://www.washingtonpost.com/world/national-security/nsa-infiltrates-links-to-yahoo-google-data-centers-worldwide-snowden-documents-say/2013/10/30/e51d661e-4166-11e3-8b74-d89d714ca4dd_story.html?Post+generic=%3Ftid%3Dsm_twitter_washingtonpost,1562,514,infosecau,12/17/2015,20:16:56,Thursday
TensorFlow: open-source library for machine intelligence,https://plus.google.com/+CarmsPerez/posts/GnVTvQNgvpf,1559,196,jmomarty,11/9/2015,13:50:08,Monday
"NSA infiltrates links to Yahoo, Google data centers worldwide",http://techcrunch.com/2015/02/26/fcc-passes-strict-net-neutrality-regulations-on-3-2-vote/,1525,597,nqureshi,10/30/2013,16:37:56,Wednesday
"Wozniak: “Actually, the movie was largely a lie about me”",http://www.hollywoodreporter.com/news/david-bowie-dead-legendary-artist-854364,1522,308,jamesbritt,1/19/2014,22:46:05,Sunday
FCC Passes Strict Net Neutrality Regulations on 3-2 Vote,https://www.expeditedssl.com/aws-in-plain-english,1489,711,LukeB_UK,2/26/2015,18:01:41,Thursday
David Bowie Has Died,http://blog.docker.com/2015/12/ian-murdock/,1484,297,hccampos,1/11/2016,6:57:42,Monday
Amazon Web Services in Plain English,http://incompleteness.me/blog/2015/02/09/console-dot-mihai/,1479,222,ins0,9/11/2015,6:35:12,Friday
In Memoriam: Ian Murdock,https://twitter.com/NASA/status/539814651404754944,1457,364,spb,12/30/2015,18:43:55,Wednesday
Console.mihai();,http://www.theguardian.com/commentisfree/2013/aug/18/david-miranda-detained-uk-nsa,1445,50,julien,4/27/2015,19:51:53,Monday
NASA: We're sending humans to Mars,http://jsfiddle.net/ondras/hYfN3/,1424,597,didgeoridoo,12/2/2014,16:45:30,Tuesday
Detaining my partner: a failed attempt at intimidation,http://zoekeating.tumblr.com/post/108898194009/what-should-i-do-about-youtube,1417,448,m1,8/18/2013,18:38:13,Sunday
Lily – Drone camera,http://www.bloomberg.com/graphics/2015-paul-ford-what-is-code/,1397,479,duck,5/12/2015,16:14:23,Tuesday
Lee Sedol Beats AlphaGo in Game 4,http://www.bbc.com/news/world-35918844,1395,448,jswt001,3/13/2016,8:44:37,Sunday
Atom,https://mailman.videolan.org/pipermail/vlc-devel/2015-November/105002.html,1386,646,hswolff,2/26/2014,21:35:40,Wednesday
Don't mess with Newegg,http://blog.rust-lang.org/2015/05/15/Rust-1.0.html,1377,192,keerthiko,5/23/2014,0:22:58,Friday
SteamOS,https://github.com/open-guides/og-aws.git,1370,519,kmfrk,9/23/2013,17:00:30,Monday
I was once a Facebook fool,http://bombermine.com/#/play,1368,168,numair,9/23/2011,13:24:09,Friday
"Show HN: Meteor, a realtime JavaScript framework",http://geon.github.io/programming/2016/03/03/dsxyliea,1362,332,geoffschmidt,4/10/2012,22:55:40,Tuesday
I'm choosing euthanasia etd 1pm. I have no last words.,http://news.trust.org/item/20161004170601-99f8c,1361,276,alpeb,10/4/2016,10:50:16,Tuesday
"Dear Google, Apple, Mozilla, and MS: Please End Auto-Playing Media in Browsers",https://blogs.microsoft.com/blog/2016/03/07/announcing-sql-server-on-linux/,1358,318,geuis,11/13/2016,8:48:12,Sunday
Dsxyliea,http://therealkatie.net/blog/2012/mar/21/lighten-up/,1356,199,geon,3/3/2016,18:13:45,Thursday
"Hello Firefox, this is Chrome calling",https://newsroom.intel.com/news-releases/andrew-s-grove-1936-2016/,1354,179,robin_reala,2/4/2013,19:04:08,Monday
Yahoo scanned customer emails for US intelligence,http://blog.ycombinator.com/moving-forward-on-basic-income,1346,395,tshtf,10/4/2016,17:09:26,Tuesday
Announcing SQL Server on Linux,https://code.visualstudio.com/updates#_vs-code-is-open-source,1344,476,bjg,3/7/2016,20:38:00,Monday
"""Lighten up""",http://onlycoin.com,1335,772,jnoller,3/21/2012,19:15:31,Wednesday
Andy Grove has died,https://www.troyhunt.com/the-dropbox-hack-is-real,1333,166,sajid,3/22/2016,0:15:41,Tuesday
Moving Forward on Basic Income,https://medium.com/@PennyKim/i-got-scammed-by-a-silicon-valley-startup-574ced8acdff#.hkgnuhiny,1330,1448,dwaxe,5/31/2016,16:20:06,Tuesday
Visual Studio Code is now open source,https://mastermind.atavist.com/he-always-had-a-dark-side,1325,362,BruceM,11/18/2015,15:39:59,Wednesday
Coin,https://defaultnamehere.tumblr.com/post/139351766005/graphing-when-your-facebook-friends-are-awake,1320,694,xuki,11/14/2013,17:22:10,Thursday
The Dropbox hack is real,http://justinjackson.ca/words.html,1313,539,joshschreuder,8/31/2016,6:13:10,Wednesday
Scammed By A Silicon Valley Startup,http://roslyn.codeplex.com/,1311,558,davidkhess,8/29/2016,1:58:00,Monday
He Always Had a Dark Side,http://thecodist.com/article/my-biggest-regret-as-a-programmer,1304,351,pwnna,3/29/2016,14:19:48,Tuesday
Graphing when your Facebook friends are awake,http://bost.ocks.org/mike/algorithms/,1302,189,adamch,2/19/2016,0:50:59,Friday
This is a web page,http://www.spritelamp.com/,1301,428,mijustin,6/20/2013,17:31:29,Thursday
Microsoft Open Sources C# Compiler,http://imgur.com/gallery/hRf2trV,1297,451,keithwarren,4/3/2014,16:48:14,Thursday
My Biggest Regret as a Programmer,http://www.codelitt.com/blog/my-first-10-minutes-on-a-server-primer-for-securing-ubuntu/,1296,618,doppp,4/6/2016,2:40:39,Wednesday
"Hit men, click whores, and paid apologists: Welcome to the Silicon Cesspool",http://www.marco.org/2016/10/17/shame-on-y-combinator,1290,199,smacktoward,2/13/2012,23:04:00,Monday
What I Didn't Say,http://courses.csail.mit.edu/6.851/,1289,583,twampss,12/30/2013,20:40:49,Monday
SpaceX launch webcast: Orbcomm-2 Mission [video],http://www.nytimes.com/2016/03/02/technology/cryptography-pioneers-to-win-turing-award.html,1284,370,clessg,12/22/2015,0:58:56,Tuesday
Apple’s declining software quality,http://www.reddit.com/r/AskReddit/comments/elal2/have_you_ever_picked_up_a_hitchhiker/c18z0z2,1282,704,pljns,2/4/2016,14:27:17,Thursday
John Nash Has Died,https://blog.vellumatlanta.com/2016/05/04/apple-stole-my-music-no-seriously/,1282,249,rcina,5/24/2015,13:27:52,Sunday
Why did you shoot me? I was reading a book,https://twitter.com/mxcl/status/608682016205344768,1276,407,gabemart,7/7/2013,12:28:08,Sunday
FCC Chairman: This Is How We Will Ensure Net Neutrality,http://flif.info/,1275,422,Libertatea,2/4/2015,16:11:04,Wednesday
Raspberry Pi Zero: the $5 computer,http://notch.net/2014/09/im-leaving-mojang/,1271,332,MarcScott,11/26/2015,7:00:28,Thursday
Let's Encrypt is Trusted,http://blog.ycombinator.com/new-hacker-news-guideline,1260,311,coffeecheque,10/20/2015,3:14:06,Tuesday
Marvin Minsky dies at 88,https://amazon.com/go,1259,178,joelg,1/25/2016,23:37:14,Monday
Letter to Amazon Board from Fired Ad Exec,https://stripe.com,1257,581,kvargs,11/13/2014,9:51:41,Thursday
Introducing the Keybase filesystem,http://paulgraham.com/ds.html,1252,462,rdl,2/4/2016,21:12:50,Thursday
Entering Public Beta,http://blog.sfgate.com/techchron/2013/06/10/on-first-glance-nsa-leaker-appears-a-patriot-not-a-traitor/,1249,158,sinak,12/3/2015,18:11:47,Thursday
Node v4.0.0,https://sidbala.com/h-264-is-magic/,1248,267,mmebane,9/8/2015,19:12:27,Tuesday
Philae Found,https://github.com/mxgmn/WaveFunctionCollapse,1238,125,de_dave,9/5/2016,13:53:18,Monday
My Heroic and Lazy Stand Against IFTTT,http://www.guardian.co.uk/world/2013/jun/09/edward-snowden-nsa-whistleblower-surveillance,1236,208,firloop,3/28/2016,23:22:30,Monday
Why we lost Uber as a user,https://azure.microsoft.com/en-us/blog/powershell-is-open-sourced-and-is-available-on-linux/,1234,285,areski,8/1/2016,10:40:46,Monday
WhatsApp Co-Founder Donates $1M to FreeBSD Foundation,http://roadlesstravelled.me/2015/04/06/why-steve-jobs-motivated-me-to-quit-apple/,1230,213,swills,11/17/2014,21:27:03,Monday
"Hi, It’s Google Corporate Development",http://www.bbc.co.uk/news/technology-35420579,1227,278,maxidog,1/13/2015,9:01:48,Tuesday
Uber's playbook for sabotaging Lyft,http://notes.unwieldy.net/post/23049725899/plagiarism,1224,399,coloneltcb,8/26/2014,19:43:17,Tuesday
President Obama Calls for a Free and Open Internet,http://playbook.samaltman.com,1219,396,jordanmessina,11/10/2014,14:44:11,Monday
Google Noto Fonts,http://duckduckgo.com/traffic.html,1217,304,bpierre,10/6/2016,17:51:13,Thursday
Show HN: Spot the Drowning Child,http://techcrunch.com/2011/08/15/breaking-google-buys-motorola-for-12-5-billion/,1215,378,omegaworks,7/28/2015,15:23:40,Tuesday
Ask HN: How much do you make at Amazon? Here is how much I make at Amazon,https://medium.com/p/9f53ef6a1c10/,1213,691,boren_ave11,3/18/2016,16:43:13,Friday
Google achieves AI 'breakthrough' by beating Go champion,https://www.eff.org/deeplinks/2013/06/confirmed-nsa-spying-millions-americans,1207,381,xianshou,1/27/2016,18:04:47,Wednesday
Plagiarism,http://www.branded3.com/blogs/the-antisocial-network-path-texts-my-entire-phonebook-at-6am/,1203,312,endtwist,5/14/2012,19:10:42,Monday
Startup Playbook,https://plus.google.com/110981030061712822816/posts/WugKtXSp7We,1202,232,sama,11/5/2015,17:34:05,Thursday
DuckDuckGo is blowing up,http://unicodepowersymbol.com/we-did-it-how-a-comment-on-hackernews-lead-to-4-%C2%BD-new-unicode-characters/,1199,209,MatthewPhillips,3/29/2012,13:24:56,Thursday
Google Buys Motorola For $12.5 Billion,http://gizmodo.com/fuck-it-im-going-back-to-firefox-1685425815,1196,374,iamben,8/15/2011,11:37:17,Monday
How I Ended Up In Solitary After Calling 911 For Help,https://github.com/HannahMitt/HomeMirror,1193,808,rms,2/13/2014,19:42:14,Thursday
Confirmed: The NSA is Spying on Millions of Americans,http://standardmarkdown.com/,1191,446,FlemishBeeCycle,6/6/2013,5:31:35,Thursday
Path texts my entire phonebook at 6 AM,http://blog.samaltman.com/the-days-are-long-but-the-decades-are-short,1184,411,kemayo,4/30/2013,15:57:50,Tuesday
Steve's Google Platform rant,http://www.indiegogo.com/projects/ubuntu-edge,1182,399,tRAS,10/12/2011,7:26:13,Wednesday
How a comment on Hacker News led to 4½ new Unicode characters,https://daniel.haxx.se/blog/2016/11/14/i-have-toyota-corola/,1181,413,adamnemecek,6/23/2016,3:34:11,Thursday
"Fuck It, I'm Going Back to Firefox",https://matt.sh/howto-c,1175,636,sagivo,2/13/2015,16:58:36,Friday
Show HN: Make a programmable mirror,http://www.theregister.co.uk/2016/01/04/dutch_government_says_no_to_backdoors/,1172,136,hannahmitt,9/11/2015,14:58:44,Friday
Standard Markdown,https://amazonlightsail.com/,1165,371,hglaser,9/3/2014,19:15:34,Wednesday
The days are long but the decades are short,https://github.com/blog/2256-a-whole-new-github-universe-announcing-new-tools-forums-and-features,1163,387,jordanmessina,4/28/2015,18:59:32,Tuesday
Ubuntu Edge,http://www.npr.org/blogs/krulwich/2012/02/24/147367644/six-legged-giant-finds-secret-hideaway-hides-for-80-years?sc=fb&cc=fp,1159,380,ergo14,7/22/2013,15:04:55,Monday
“I have toyota corola”,https://letsencrypt.org/2015/09/14/our-first-cert.html,1155,350,robin_reala,11/14/2016,11:38:19,Monday
I hereby resign,http://www.ietf.org/mail-archive/web/ietf/current/msg80472.html,1152,370,llambda,4/2/2012,22:19:53,Monday
How to C in 2016,https://www.youtube.com/watch?v=jOyfZex7B3E,1145,582,fcambus,1/8/2016,11:34:36,Friday
"Dutch government says no to backdoors, grants $540k to OpenSSL",https://medium.com/@johnsalzarulo/didn-t-homejoy-shut-down-e8d7a2dfb485,1144,99,janvdberg,1/5/2016,7:22:50,Tuesday
Amazon LightSail: Simple Virtual Private Servers on AWS,http://cssreference.io/#hn,1142,614,polmolea,11/30/2016,16:40:30,Wednesday
"Announcing new tools, forums, and features",http://johncbeck.tumblr.com/post/92074597917/count-to-ten-when-a-plane-goes-down,1142,164,joshmanders,9/14/2016,18:06:23,Wednesday
"Six-Legged Giant Finds Secret Hideaway, Hides For 80 Years",http://arstechnica.com/information-technology/2016/11/spacex-plans-worldwide-satellite-internet-with-low-latency-gigabit-speed/,1138,173,MaysonL,3/1/2012,9:56:14,Thursday
Our First Certificate Is Now Live,https://fi.google.com/about/,1131,255,joshmoz,9/14/2015,21:07:47,Monday
Doug Engelbart has died,https://openai.com/blog/introducing-openai/,1128,94,sbarre,7/3/2013,17:55:55,Wednesday
Sega Saturn CD Cracked after 20 Years,https://www.eff.org/deeplinks/2016/03/tell-congress-its-time-move-fastr,1126,223,flurpitude,7/11/2016,20:16:29,Monday
Didn’t Homejoy Shut Down?,http://www.nature.com/news/nature-makes-all-articles-free-to-view-1.16460,1121,339,alokedesai,10/28/2015,19:51:39,Wednesday
"I don't learn anything on HN anymore, bring back the upvote count",http://blog.detectify.com/post/82370846588/how-we-got-read-access-on-googles-production-servers,1119,237,wdewind,4/28/2011,21:21:42,Thursday
Logojoy: AI-powered logo creator,http://techcrunch.com/2010/09/21/so-a-blogger-walks-into-a-bar/,1113,329,csallen,11/29/2016,18:27:03,Tuesday
Ooops.,http://mag.newsweek.com/2014/03/14/bitcoin-satoshi-nakamoto.html,1112,239,peteretep,6/16/2011,13:49:46,Thursday
Julie Ann Horvath Describes Sexism and Intimidation Behind Her GitHub Exit,http://www.google.com/loon/,1110,1099,dkasper,3/16/2014,5:56:41,Sunday
Google Fiber Plans & Pricing,http://news.cnet.com/8301-13506_3-57322150-17/zynga-to-employees-give-back-our-stock-or-youll-be-fired/,1107,473,stevewilhelm,7/26/2012,16:36:23,Thursday
Elon Musk on How to Build the Future,http://www.sciencemag.org/news/2016/04/whos-downloading-pirated-papers-everyone,1106,513,sama,9/15/2016,18:05:24,Thursday
"GoDaddy supports SOPA, redditor proposes ""Move your Domain Day""",http://googleresearch.blogspot.com/2016/05/announcing-syntaxnet-worlds-most.html?m=1,1103,249,duiker101,12/22/2011,15:36:49,Thursday
The PyCon Incident,http://news.sciencemag.org/funding/2014/11/gates-foundation-require-immediate-free-access-journal-articles?utm_content=buffer26432&utm_medium=social&utm_source=twitter.com&utm_campaign=buffer,1101,998,afraidofadria,3/20/2013,21:33:57,Wednesday
South Africa's Nelson Mandela dies,https://www.google.com/webdesigner/,1100,345,antr,12/5/2013,21:48:13,Thursday
Atom 1.0,http://www.dansdeals.com/archives/98444,1096,439,mrbogle,6/25/2015,14:53:21,Thursday
Apple File System,http://googleblog.blogspot.com/2014/10/an-inbox-that-works-for-you.html,1094,393,sirn,6/13/2016,19:40:56,Monday
Show HN: Open Hunt – an open and community-run alternative to Product Hunt,http://blog.jeffepstein.me/post/14629857835/a-step-by-step-guide-to-transfer-domains-out-of-godaddy,1093,180,mhurwi,12/18/2015,18:12:21,Friday
Ask HN: Who is firing?,http://www.windytan.com/2014/02/mystery-signal-from-helicopter.html,1087,432,wellworld,11/2/2016,3:10:07,Wednesday
Who's downloading pirated papers? Everyone,http://blog.us.playstation.com/2011/04/26/update-on-playstation-network-and-qriocity/,1085,381,nkurz,4/29/2016,3:07:03,Friday
Announcing SyntaxNet: The World’s Most Accurate Natural Language Parser,https://whispersystems.org/blog/whatsapp-complete/,1083,235,cjdulberger,5/12/2016,19:22:49,Thursday
"I love you, dad",http://projectnaptha.com/,1080,205,kjackson2012,12/13/2012,17:02:35,Thursday
That awkward moment when Apple mocked good hardware and poor people,http://worrydream.com/LearnableProgramming/,1078,567,nkurz,3/23/2016,11:07:52,Wednesday
Google Web Designer,https://plus.google.com/+ArtemRussakovskii/posts/7jMWV7oCQpn,1071,446,jaysonlane,9/30/2013,16:22:17,Monday
Don’t Mess with The Google,http://ramiro.org/vis/hn-most-linked-books/,1070,496,mendelk,11/16/2016,23:19:27,Wednesday
Google Inbox,https://www.joelonsoftware.com/2016/12/09/developers-side-projects/,1069,471,jmdenis,10/22/2014,17:00:58,Wednesday
Proposition HN: I will pay $8000 for you to build your side-project/MVP,http://blog.printf.net/articles/2015/05/29/announcing-gittorrent-a-decentralized-github/,1065,383,hmexx,1/10/2013,16:13:20,Thursday
Show HN: Markov chains explained visually,http://www.joelonsoftware.com/items/2013/07/22.html,1065,92,vicapow,7/29/2014,16:49:20,Tuesday
Diamonds Are Bullshit,http://howtocenterincss.com/,1060,735,danielpal,3/19/2013,22:17:54,Tuesday
"FBI raids alleged online drug market Silk Road, arrests owner",http://youtube-eng.blogspot.com/2015/01/youtube-now-defaults-to-html5_27.html,1056,582,RockyMcNuts,10/2/2013,15:30:26,Wednesday
NSO Group's iPhone Zero-Days used against a UAE Human Rights Defender,http://kenkeiter.com/skeuocard/,1055,241,dropalltables,8/25/2016,17:10:08,Thursday
Facebook Buying WhatsApp for $16B in Cash and Stock Plus $3B in RSUs,http://eyetap.org/mcdonalds/,1054,816,vassvdm,2/19/2014,22:09:06,Wednesday
My dad taught me cashflow with a soda machine,http://codepen.io/stuffit/pen/KrAwx,1053,101,robfitz,10/28/2011,9:54:41,Friday
TermKit - a graphical terminal replacement,https://code.google.com/p/google-security-research/issues/detail?id=693,1046,204,pimeys,5/18/2011,11:12:04,Wednesday
Y Combinator is funding the future of spam in Windows,http://joethepeacock.blogspot.co.uk/2012/04/thats-why-you-dont-have-any-friends.html,1043,449,longzheng,1/15/2013,12:43:52,Tuesday
Fired,https://keybase.io/blog/2014-10-08/the-horror-of-a-secure-golden-key,1039,389,rdegges,3/6/2015,19:16:01,Friday
React Native is now open source,http://ejohn.org/blog/write-code-every-day/,1039,287,peterhunt,3/26/2015,17:08:54,Thursday
GitTorrent: A Decentralized GitHub,http://paulgraham.com/ambitious.html,1038,169,luu,5/29/2015,17:11:53,Friday
Victory Lap for Ask Patents,http://blog.triplebyte.com/how-to-pass-a-programming-interview,1037,152,jaydles,7/22/2013,15:05:31,Monday
Ask HN: What is your favorite internet rabbit hole?,http://www.avc.com/a_vc/2011/06/enough-is-enough.html,1036,454,karim,10/24/2016,14:02:56,Monday
The second operating system hiding in every mobile phone,http://eev.ee/blog/2015/06/09/i-quit-the-tech-industry/,1036,262,thomholwerda,11/12/2013,23:47:33,Tuesday
Twitter Bootstrap,https://media.netflix.com/en/press-releases/netflix-is-now-available-around-the-world,1034,110,d0vs,8/19/2011,18:31:56,Friday
Reddit user captures video of 2012 voting machines altering votes,https://messages.yale.edu/messages/University/univmsgs/detail/121669,1032,643,jipumarino,11/6/2012,18:04:09,Tuesday
Cursors,http://www.businessinsider.com/linkedin-earnings-q4-2016-2,1032,244,alloyed,10/19/2014,3:22:25,Sunday
“PayPal has demanded that we monitor data traffic as well as customers’ files”,http://www.ietf.org/mail-archive/web/cfrg/current/msg03554.html,1030,340,zolder,6/21/2016,7:16:20,Tuesday
"Farewell, Dr. Dobb's",http://www.kalzumeus.com/2011/10/28/dont-call-yourself-a-programmer/,1029,326,andrewbinstock,12/16/2014,19:41:06,Tuesday
Google Beatbox,http://ejroundtheworld.blogspot.com/2011/07/airbnb-nightmare-no-end-in-sight.html,1028,96,shomyo,11/29/2010,23:47:20,Monday
The Horror of a 'Secure Golden Key',https://freedom-to-tinker.com/blog/haldermanheninger/how-is-nsa-breaking-so-much-crypto/,1025,232,jashkenas,10/8/2014,18:37:46,Wednesday
Write Code Every Day,http://mewo2.com/notes/terrain/,1024,216,slig,4/10/2014,18:32:35,Thursday
Frighteningly Ambitious Startup Ideas,https://medium.com/p/24eb09e026dd,1021,431,anateus,3/10/2012,2:29:42,Saturday
How to Pass a Programming Interview,http://who.is/dns/jamiehankins.co.uk,1020,552,runesoerensen,3/8/2016,17:43:35,Tuesday
Enough Is Enough,http://link.springer.com/search/page/8?facet-language=%22En%22&facet-content-type=%22Book%22&showAll=false,1019,189,ssclafani,6/1/2011,10:44:12,Wednesday
I quit the tech industry,http://stevehanov.ca/blog/index.php?id=132,1017,548,jaimebuelta,6/10/2015,10:21:41,Wednesday
Netflix Is Now Available Around the World,http://www.hemingwayapp.com/,1015,492,devhxinc,1/6/2016,18:09:34,Wednesday
"Paul Hudak, co-creator of Haskell, has died",http://idlewords.com/talks/web_design_first_100_years.htm,1014,89,bigfishprod,4/30/2015,16:17:16,Thursday
"LinkedIn shares drop 40%, erasing $10B of company's value",https://on.google.com/hub/,1012,635,danso,2/5/2016,16:07:16,Friday
Trevor Perrin requests removal of NSA from IETF Crypto Review,http://ov3y.github.io/2048-AI/,1010,141,tptacek,12/20/2013,16:20:34,Friday
Don't Call Yourself a Programmer,http://www.distancetomars.com/,1006,270,jambo,10/29/2011,1:24:55,Saturday
Airbnb Nightmare: No End In Sight,http://www.rollingstone.com/music/news/leonard-cohen-dead-at-82-w449792,1005,483,moonlighter,7/29/2011,7:41:55,Friday
How is NSA breaking so much crypto?,http://rondam.blogspot.com/2011/11/in-defense-of-google-chef.html,1005,246,sohkamyung,10/15/2015,1:43:34,Thursday
Show HN: Generating fantasy maps – an interactive exploration,https://www.indiehackers.com,1004,64,mewo2,8/10/2016,11:17:41,Wednesday
"How I Lost My $50,000 Twitter Username",http://paulgraham.com/vb.html,1002,390,micahgoulart,1/29/2014,2:55:44,Wednesday
TXT Record XSS,http://www.heraldsun.com.au/news/breaking-news/neil-armstrong-dead-at-age-82-report/story-e6frf7k6-1226458176249,998,231,ryanskidmore,9/18/2014,16:16:07,Thursday
Springer Textbooks More Than 10 Years Old Available for Free Legal Download,http://dealbook.nytimes.com/2012/07/16/googles-marissa-mayer-tapped-as-yahoos-chief/,990,171,nkurz,12/30/2015,1:50:15,Wednesday
20 lines of code that beat A/B testing every time,https://jonathan.porta.codes/2015/07/30/windows-10-seems-to-have-some-scary-privacy-defaults/,989,149,spiffytech,5/29/2012,21:25:46,Tuesday
Hemingway makes your writing bold and clear,https://www.reddit.com/r/OutOfTheLoop/comments/3bxduw/why_was_riama_along_with_a_number_of_other_large/,988,329,jmngomes,2/12/2014,12:52:55,Wednesday
Web Design: The First 100 Years (2014),http://www.apple.com/hotnews/thoughts-on-flash/,988,233,jmduke,7/21/2015,1:22:58,Tuesday
OnHub,https://medium.com/@octskyward/the-resolution-of-the-bitcoin-experiment-dabb30201f7,984,615,ropiku,8/18/2015,16:21:17,Tuesday
2048 AI,http://hyperboleandahalf.blogspot.com.au/2013/05/depression-part-two.html,984,192,shmageggy,3/11/2014,15:33:15,Tuesday
If the Earth were 100 pixels wide,http://www.lightnote.co/,980,209,oseibonsu,4/3/2013,21:02:48,Wednesday
Leonard Cohen Has Died,https://twitter.com/Sc00bzT/status/730903007014076416,978,114,joaomsa,11/11/2016,1:47:00,Friday
In defense of the Google chef,http://anarchistsoccermom.blogspot.com/2012/12/thinking-unthinkable.html,975,189,lisper,11/11/2011,5:56:50,Friday
Indie Hackers: Learn how developers are making money,http://www.wired.com/2015/01/microsoft-hands-on,971,184,csallen,8/11/2016,16:12:36,Thursday
Life is Short,http://left-pad.io/,970,407,janvdberg,1/16/2016,23:48:21,Saturday
Neil Armstrong has died at 82 Today,https://gogameguru.com/alphago-2/,968,93,Grovara123,8/25/2012,19:11:30,Saturday
Googles Marissa Mayer Tapped as Yahoos Chief,https://stripe.com/blog/stellar,966,348,sahillavingia,7/16/2012,20:03:47,Monday
I noticed some disturbing privacy defaults in Windows 10,https://www.reddit.com/r/announcements/comments/4cqyia/for_your_reading_pleasure_our_2015_transparency/,965,575,jonathanporta,7/30/2015,16:56:52,Thursday
Front Page Subreddits Go Private in Response to Firing of Reddit Admin,http://thenextweb.com/insider/2012/01/16/wikipedia-will-shut-down-for-24-hours-on-wednesday-to-protest-against-sopa/?utm_source=feedburner&utm_medium=feed&utm_campaign=Feed%3A+TheNextWeb+%28The+Next+Web+All+Stories%29,963,592,wasd,7/3/2015,0:11:19,Friday
Thoughts on Flash,http://scanlime.org/2012/11/hacking-my-vagina/,962,505,andrewdavey,4/29/2010,13:26:21,Thursday
The resolution of the Bitcoin experiment,http://www.quora.com/How-did-game-developers-pack-entire-games-into-so-little-memory-twenty-five-years-ago/answer/Dave-Baggett?srid=z9ZA&share=1,961,408,tptacek,1/14/2016,22:18:04,Thursday
John Carmack joins Oculus as CTO,https://support.mozilla.org/en-US/kb/add-ons-cause-issues-are-on-blocklist,961,205,salgernon,8/7/2013,14:06:10,Wednesday
Depression Part Two,http://ejroundtheworld.blogspot.com/2011/06/violated-travelers-lost-faith-difficult.html,958,248,westicle,5/10/2013,5:24:18,Friday
You Suck at Excel with Joel Spolsky (2015) [video],http://www.bbc.co.uk/news/science-environment-15017484,957,420,carlesfe,9/7/2016,22:35:37,Wednesday
Satya Nadella – Microsoft's CEO,http://mjg59.dreamwidth.org/40505.html,953,570,fredwu,2/4/2014,14:03:51,Tuesday
Ask HN: How to get started with machine learning?,http://launchaco.com/build/,950,125,georgehdd,10/15/2016,7:04:37,Saturday
Thinking the unthinkable,https://about.gitlab.com/2016/01/15/making-gitlab-better-for-large-open-source-projects/,949,442,aaronbrethorst,12/16/2012,5:07:04,Sunday
Hands-On with Microsoft's New Holographic Goggles,http://www.bbc.co.uk/news/science-environment-33126885,946,325,vesinisa,1/21/2015,18:55:03,Wednesday
Left-pad as a service,https://www.apple.com/macbook/,943,254,manojlds,3/24/2016,4:51:15,Thursday
AlphaGo beats Lee Sedol again in match 2 of 5,https://blog.data.gov.sg/how-we-caught-the-circle-line-rogue-train-with-data-79405c86ab6a#.qjsiufjb7,942,555,pzs,3/10/2016,8:27:32,Thursday
Stellar,http://gameprogrammingpatterns.com/?completed,942,465,gdb,7/31/2014,16:04:53,Thursday
Reddit removed NSL canary from 2015 Transparency Report,http://www.dominik-schwarz.net/potpourri/worldmap/,941,284,yk,3/31/2016,19:53:56,Thursday
Wikipedia to Shut Down on Wednesday to Protest SOPA,http://my.opera.com/haavard/blog/2013/02/13/webkit,938,192,minecraftman,1/16/2012,18:10:44,Monday
Hacking my Vagina,http://blogs.msdn.com/b/jw_on_tech/archive/2012/03/13/why-i-left-google.aspx,936,244,kogir,11/24/2012,21:56:52,Saturday
How Naughty Dog Fit Crash Bandicoot into 2MB of RAM on the PS1,http://techcrunch.com/2015/04/29/microsoft-launches-its-net-distribution-for-linux-and-mac/,934,247,ekianjo,6/18/2015,6:58:41,Thursday
Firefox makes click-to-activate Flash the default,http://harvesthq.github.com/chosen,931,377,cft,7/14/2015,6:59:51,Tuesday
"Violated: A traveler’s lost faith, a difficult lesson learned ",http://wikileaks.org/Statement-from-Edward-Snowden-in.html?snow,929,390,foxit,7/27/2011,6:52:45,Wednesday
Speed-of-light experiments yield baffling result at LHC,http://karpathy.github.io/2015/05/21/rnn-effectiveness/,929,243,pmjoyce,9/22/2011,18:12:05,Thursday
I stayed in a hotel with Android lightswitches and it was as bad as you'd think,https://www.troyhunt.com/the-cobra-effect-that-is-disabling/,928,314,pjc50,3/11/2016,14:33:35,Friday
I am very real,https://robinlinus.github.io/socialmedia-leak/,927,154,etrain,3/30/2012,14:23:02,Friday
Amazon Echo,http://blog.reddit.com/2012/01/stopped-they-must-be-on-this-all.html,924,716,danielsamuels,11/6/2014,17:01:19,Thursday
Show HN: XKCD-inspired StackSort,http://www.panix.com/~eli/unicode/convert.cgi?text=The+secret+is+out.+,923,203,gkoberger,3/18/2013,17:01:21,Monday
"Grooveshark co-founder, 28, found dead in home",http://www.winamp.com/media-player/en,922,137,cnnrjcbsn,7/20/2015,17:13:42,Monday
"Hi Im Hank, and I bought a bus",https://medium.com/@dhh/reconsider-41adf356857f,921,198,frans,8/23/2013,6:01:20,Friday
Hidden backdoor API to root privileges in Apple OS X,http://www.theawl.com/2013/09/i-was-a-hated-hipster-meme-and-then-it-got-worse,920,356,mortenlarsen,4/9/2015,14:18:35,Thursday
Every day at my job I helped people just barely survive,http://www.virgin.com/richard-branson/blog/time-to-end-the-war-on-drugs,919,319,blatherard,2/18/2012,18:17:00,Saturday
Crypto 101 – Introductory course on cryptography,http://brew.sh/2016/09/02/homebrew-1.0.0/,919,140,zerognowl,12/2/2016,15:44:16,Friday
DeepMind and Blizzard to release StarCraft II as an AI research environment,https://www.khronos.org/vulkan/.,917,329,madspindel,11/4/2016,18:32:53,Friday
Osama bin Laden Is Dead,http://sub.blue/fractal-lab,915,429,ssclafani,5/2/2011,2:48:08,Monday
The 500-mile email,http://rbt.asia/g/thread/S38087806,915,139,folz,4/8/2015,3:54:53,Wednesday
How to Get Startup Ideas,http://raganwald.posterous.com/why-the-fuck,914,232,relation,11/19/2012,23:20:09,Monday
Gmail was down,https://letsencrypt.org//2016/04/12/leaving-beta-new-sponsors.html,913,468,d1egoaz,1/24/2014,19:05:24,Friday
This is how Visa works,https://medium.com/@nikkidurkin99/my-startup-failed-and-this-is-what-it-feels-like-c5d64b3ae96b,913,101,eduardordm,8/17/2012,14:12:56,Friday
Why I'm switching back to Firefox,https://github.com/fogleman/primitive,911,427,dave1010uk,3/11/2013,8:45:28,Monday
We Should Not Accept Scientific Results That Have Not Been Repeated,http://taylorswift.tumblr.com/post/122071902085/to-apple-love-taylor,910,275,dnetesn,7/29/2016,10:08:29,Friday
'Clean your desk': My Amazon interview experience,http://blog.ycombinator.com/new-cities,908,509,skaul,12/8/2016,15:30:59,Thursday
Wind Map,http://www.bbc.com/earth/story/20150904-the-bizarre-beasts-living-in-romanias-poison-cave,908,79,taylorbuley,3/28/2012,19:25:09,Wednesday
React Native for Android,http://www.bloomberg.com/news/articles/2016-02-25/microsoft-says-it-will-file-an-amicus-brief-to-support-apple,907,239,Kajdav,9/14/2015,17:30:44,Monday
CVE-2014-6271: Remote code execution through bash,http://www.nytimes.com/2013/09/06/us/nsa-foils-much-internet-encryption.html,905,428,vault_,9/24/2014,14:19:44,Wednesday
Open Letter to Mozilla: Bring Back Persona,http://motherboard.vice.com/read/gods-lonely-programmer,905,237,StavrosK,12/24/2015,12:38:02,Thursday
Game about squares,http://article.gmane.org/gmane.network.tor.user/34619,905,201,golergka,7/27/2014,12:29:34,Sunday
Docker for Mac and Windows Beta,http://mosh.mit.edu/?,904,239,ah3rz,3/24/2016,13:04:17,Thursday
"CoreOS is building a container runtime, Rocket",https://www.firebase.com/blog/2014-10-21-firebase-joins-google.html,902,277,kelseyhightower,12/1/2014,17:57:54,Monday
Here is today,http://blogs.windows.com/devices/2015/10/06/a-new-era-of-windows-10-devices-from-microsoft/,899,111,spindritf,4/28/2013,11:35:57,Sunday
World,https://bugzilla.mozilla.org/show_bug.cgi?id=923590,898,98,bpierre,9/15/2013,21:05:12,Sunday
From Asm.js to WebAssembly,http://blog.bugreplay.com/post/152579164219/pornhubdodgesadblockersusingwebsockets,897,330,fabrice_d,6/17/2015,16:06:16,Wednesday
Transmission BitTorrent app contained malware,http://natewienert.com/codename-obtvse,895,338,mroling,3/6/2016,17:34:08,Sunday
Announcing Rust 1.0 Alpha,http://www.raptitude.com/2016/12/five-things-you-notice-when-you-quit-the-news/,894,243,steveklabnik,1/9/2015,18:15:44,Friday
A practical security guide for web developers,http://www.latimes.com/local/lanow/la-me-ln-happy-birthday-song-lawsuit-decision-20150922-story.html,894,68,zianwar,7/21/2016,22:23:17,Thursday
Brendan Eich Steps Down as Mozilla CEO,http://www.righto.com/2013/11/how-hacker-news-ranking-really-works.html,889,1208,platz,4/3/2014,19:02:53,Thursday
Amazon Glacier,http://www.codinghorror.com/blog/2012/10/the-future-of-markdown.html,889,382,sqnguyen,8/21/2012,7:22:46,Tuesday
Steve Jobs has died,http://forumserver.twoplustwo.com/29/news-views-gossip/fulltiltpoker-com-pokerstars-com-domain-names-confiscated-fbi-1020606/,889,70,byrneseyeview,10/5/2011,23:38:05,Wednesday
Please don't use Slack for FOSS projects,http://blog.erratasec.com/2015/02/extracting-superfish-certificate.html,887,484,Sir_Cmpwn,11/1/2015,14:57:15,Sunday
Leaving the Mac App Store,http://ventrellathing.wordpress.com/2013/06/18/the-case-for-slow-programming/,884,401,davidbarker,12/1/2015,15:11:59,Tuesday
"I'd like to use the web my way, thank you very much Quora",http://www.zdnet.com/new-zealand-bans-software-patents-7000019955/,883,266,johns,2/14/2013,1:35:50,Thursday
Caltech Researchers Find Evidence of a Planet Beyond Pluto,http://www.nytimes.com/2015/07/11/technology/ellen-pao-reddit-chief-executive-resignation.html?_r=1,883,151,cyanbane,1/20/2016,16:42:19,Wednesday
"Network Solutions Auto-Enroll: $1,850",http://www.apple.com/macbook-pro/,881,250,zdw,1/21/2014,21:08:04,Tuesday
US Senate Report on CIA Detention and Interrogation Program,http://blogs.valvesoftware.com/economics/it-all-began-with-a-strange-email/,879,578,uptown,12/9/2014,16:15:04,Tuesday
Why I Am Leaving Goldman Sachs,https://www.washingtonpost.com/news/post-nation/wp/2016/08/18/justice-department-says-it-will-end-use-of-private-prisons/,877,255,roam,3/14/2012,8:26:26,Wednesday
Amit Gupta needs you,http://lofibucket.com/articles/oscilloscope_quake.html,875,146,mattangriffel,10/24/2011,12:39:27,Monday
Trackers,http://slackhq.com/post/114696167740/march-2015-security-incident-and-launch-of-2fa,874,209,henrik_w,3/11/2016,10:23:19,Friday
Pornhub Bypasses Ad Blockers with WebSockets,http://www.microsoft.com/microsoft-band/en-us,873,575,mirceasoaica,11/2/2016,14:11:25,Wednesday
Codename: Obtvse,http://lists.busybox.net/pipermail/busybox/2010-December/074114.html,873,354,nwienert,3/23/2012,9:02:25,Friday
Things You Notice When You Quit the News,https://stripe.com/bitcoin,872,475,ysarbabi,12/11/2016,21:51:28,Sunday
"'Happy Birthday' song copyright is not valid, judge rules",https://medium.com/@akosma/being-a-developer-after-40-3c5dd112210c,872,196,augustocallejas,9/23/2015,0:41:29,Wednesday
"How Hacker News ranking really works: scoring, controversy, and penalties",https://franciskim.co/2016/08/24/dont-need-no-stinking-api-web-scraping-2016-beyond/,871,190,jseip,11/26/2013,8:15:49,Tuesday
The Future of Markdown,https://blogs.windows.com/msedgedev/2015/12/05/open-source-chakra-core/,869,332,dko,10/25/2012,23:47:19,Thursday
"FBI seized PokerStars.com, FullTiltPoker.com, UB.com,...  domain names",http://www.kalzumeus.com/2016/09/09/im-joining-stripe-to-work-on-atlas/,867,389,bjonathan,4/15/2011,17:35:59,Friday
Suicide,https://github.com/a1studmuffin/SpaceshipGenerator/,867,283,llambda,12/13/2011,18:54:34,Tuesday
"Stop SOPA, save the Internet",http://hackerthemes.com/bootstrap-cheatsheet,866,132,CodeMage,11/14/2011,18:30:05,Monday
What I'd tell myself about startups if I could go back 5 years,http://ploum.net/post/im-a-pirate,865,273,vinnyglennon,4/7/2015,12:07:10,Tuesday
How I Hacked Facebook and Found Someone's Backdoor Script,https://www.youtube.com/watch?v=7pUAydjne5M#t=27m15s,865,124,phwd,4/21/2016,10:00:28,Thursday
Stack Overflow Outage Postmortem,http://bellard.org/bpg/,862,316,gbrayut,7/20/2016,19:48:30,Wednesday
How I hacked Github again,http://blog.ycombinator.com/y-combinator-has-filed-an-official-comment-with-the-fcc,861,195,zhuzhuor,2/7/2014,16:28:25,Friday
Secret contract tied NSA and security industry pioneer,https://en.greatfire.org/blog/2015/mar/we-are-under-attack,860,339,bbatsell,12/20/2013,21:22:00,Friday
Google says it will run entirely on renewable energy in 2017,http://www.wcvb.com/news/local/metro/Explosions-reported-near-Boston-Marathon-finish-line/-/11971628/19757044/-/ktnc1wz/-/index.html,859,249,danvoell,12/6/2016,14:31:40,Tuesday
More Paypal nonsense,https://github.com/neovim/neovim,858,252,bradleyjoyce,12/6/2011,4:19:34,Tuesday
The average size of Web pages is now the average size of a Doom install,http://countaleph.wordpress.com/2013/10/20/dear-startups-stop-asking-me-math-puzzles-to-figure-out-if-i-can-code/,857,449,Ovid,4/22/2016,13:11:15,Friday
Flat UI: Free Web User Interface Kit,https://feminem.org/2016/09/01/doctor-on-plane/,857,197,jamesbritt,3/4/2013,22:59:40,Monday
Gravity waves from Big Bang detected,http://blogs.technet.com/b/microsoft_blog/archive/2013/09/02/the-next-chapter-an-open-letter-from-steve-ballmer-and-stephen-elop.aspx,856,174,tjaerv,3/17/2014,15:34:28,Monday
Tinker with a Neural Network in Your Browser,http://www.bloomberg.com/news/articles/2016-03-17/google-is-said-to-put-boston-dynamics-robotics-unit-up-for-sale,855,116,shancarter,4/12/2016,21:57:27,Tuesday
"Louis C.K. experiment results: over $500,000 in 4 days",http://imgur.com/a/NJBuH,854,282,basiliskus,12/14/2011,3:42:37,Wednesday
The Refragmentation,http://hearphones.bose.com/,852,444,urs2102,1/2/2016,17:21:46,Saturday
Atom Is Now Open Source,http://nickforall.nl/skype/,852,302,jordn,5/6/2014,15:01:18,Tuesday
"NASA’s Kepler Mission Discovers Bigger, Older Cousin to Earth",http://www.bemyeyes.org/,851,288,randomname2,7/23/2015,16:11:17,Thursday
Calling All Hackers: Help Us Build an Open Wireless Router,http://blogs.smithsonianmag.com/history/2013/01/for-40-years-this-russian-family-was-cut-off-from-all-human-contact-unaware-of-world-war-ii/,850,143,Blahah,7/20/2014,16:44:07,Sunday
Bring a stick man to life.,https://stripe.com/blog/bring-your-own-team,849,65,kgthegreat,9/22/2011,4:33:43,Thursday
Ask HN: What's your favorite tech talk?,http://www.oneviewcalendar.com,848,255,mngutterman,10/4/2016,17:19:57,Tuesday
Tell HN: Hello,http://xkcd-map.rent-a-geek.de/,847,179,wwwarsame,7/19/2015,8:38:55,Sunday
Image Synthesis from Yahoo's open_nsfw,https://cloudplatform.googleblog.com/2016/05/Google-supercharges-machine-learning-tasks-with-custom-chip.html,846,168,brakmic,10/20/2016,21:45:14,Thursday
What really happened aboard Air France 447,http://www.reuters.com/article/us-tesla-results-idUSKCN12Q2QW,845,368,fr0sty,12/8/2011,2:04:58,Thursday
"Epic Games chief pays $15M to protect 7,000 acres of North Carolina wilderness",http://www.media.mit.edu/people/in-memory/papert,845,176,mutor,11/9/2016,18:28:25,Wednesday
"Why I now, unfortunately, hate Hacker News..",https://code.facebook.com/posts/1658392934479273/smaller-and-faster-data-compression-with-zstandard/,842,449,sw007,8/17/2012,15:14:24,Friday
BPG Image format,https://www.washingtonpost.com/news/volokh-conspiracy/wp/2016/10/10/dozens-of-suspicious-court-cases-with-missing-defendants-aim-at-getting-web-pages-taken-down-or-deindexed/?postshare=6791476107006382&tid=ss_fb&utm_term=.0143e0970aee,842,327,mjs,12/5/2014,14:30:29,Friday
Y Combinator has filed an official comment with the FCC,http://www.kalzumeus.com/2014/11/07/doing-business-in-japan/,841,122,nRike,7/14/2014,21:21:14,Monday
We are under attack,https://github.com/blog/1938-git-client-vulnerability-announced,839,263,greatfire,3/19/2015,17:47:42,Thursday
Explosions near Boston Marathon finish line,http://www.nytimes.com/2014/10/25/science/alan-eustace-jumps-from-stratosphere-breaking-felix-baumgartners-world-record.html,838,575,recoiledsnake,4/15/2013,19:10:09,Monday
Neovim,http://blog.fosketts.net/2016/10/29/total-nightmare-usb-c-thunderbolt-3/,838,367,tarruda,2/21/2014,17:48:07,Friday
Dear Startups: stop asking me math puzzles to figure out if I can code,http://www.reddit.com/r/technology/comments/npair/godaddy_has_not_withdrawn_its_official/,834,345,brryant,10/21/2013,5:42:55,Monday
This JPEG is also a webpage,http://theamazingios6maps.tumblr.com/,833,226,cocoflunchy,8/10/2016,15:29:53,Wednesday
An account of a serious medical emergency on a transoceanic flight,http://www.codingjohnson.com/he-got-1-percent-we-cant-hire-him,832,288,bshep,9/3/2016,1:37:28,Saturday
Nokia acquired by Microsoft,http://aadrake.com/command-line-tools-can-be-235x-faster-than-your-hadoop-cluster.html,831,553,jasonpbecker,9/3/2013,3:11:03,Tuesday
Google Puts Boston Dynamics Up for Sale in Robotics Retreat,http://news.cnet.com/8301-13578_3-57589495-38/nsa-admits-listening-to-u.s-phone-calls-without-warrants/,830,387,doener,3/17/2016,16:40:53,Thursday
Fully Functional 1KB Hard Drive in Vanilla Minecraft,http://jackf.net/bezier-clock/,830,113,jonbaer,8/20/2014,7:10:40,Wednesday
Bose Hearphones,https://petitions.whitehouse.gov/petition/make-metric-system-standard-united-states-instead-imperial-system/FndsKXLh,828,404,akramhussein,12/9/2016,17:12:03,Friday
Dear Skype/Microsoft: Problems with Linux client,http://mclov.in/2012/02/08/path-uploads-your-entire-address-book-to-their-servers.html,827,462,cujanovic,2/24/2016,9:36:43,Wednesday
Be My Eyes – Lend your eyes to the blind,http://blog.cloudflare.com/the-ddos-that-almost-broke-the-internet,827,160,khebbie,1/15/2015,14:59:05,Thursday
"For 40 Years, This Russian Family Was Cut Off From All Human Contact",https://www.linkedin.com/pulse/facebook-misleading-indians-its-full-page-ads-free-basics-murthy,826,248,Anon84,1/29/2013,14:17:47,Tuesday
BYOT: Bring your own team,http://telecom.kz/en/news/view/18729,826,180,hepha1979,4/25/2016,20:36:46,Monday
Show HN: New calendar app idea,https://www.teslamotors.com/blog/grain-of-salt,825,197,petermolyneux,6/6/2016,12:02:56,Monday
"Xkcd ""Click and Drag"" in a ""map"" interface",http://developer.olery.com/blog/goodbye-mongodb-hello-postgresql/,824,86,martius,9/19/2012,12:23:39,Wednesday
Google supercharges machine learning tasks with TPU custom chip,https://github.com/chadselph/OOptOut-Chrome-Extension,823,276,hurrycane,5/18/2016,19:01:59,Wednesday
Ask HN: Is web programming a series of hacks on hacks?,http://io9.com/5916175/rip-ray-bradbury-author-of-fahrenheit-451-and-the-martian-chronicles,822,662,barefootcoder,9/12/2016,4:29:15,Monday
A Brief Rant on the Future of Interaction Design,https://petitions.whitehouse.gov/petition/remove-united-states-district-attorney-carmen-ortiz-office-overreach-case-aaron-swartz/RQNrG1Ck,821,153,tbassetto,11/8/2011,21:43:17,Tuesday
Taking PHP Seriously,https://medium.com/message/networks-without-networks-7644933a3100/,819,651,josephscott,10/13/2016,20:24:37,Thursday
Show HN: I've been writing daily TILs for a year,https://primitive.lol/,819,150,jbranchaud,2/9/2016,21:25:51,Tuesday
Facebook acquires Instagram,http://blogs.reuters.com/alison-frankel/files/2016/02/applebrooklyn-2.29.16order.pdf,818,376,hunterowens,4/9/2012,17:02:02,Monday
"Facebook Launches Flow, Static Type Checker for JavaScript",http://www.dispatch.com/content/stories/local/2016/12/john-glenn/john-glenn.html,818,265,davemo,11/18/2014,18:03:46,Tuesday
HN: Please replace grayarrow.gif with Unicode character ,https://www.techdirt.com/articles/20141231/02075529554/indian-government-orders-32-web-sites-blocked-including-github-archiveorg-pastebin-dailymotion-vimeo.shtml,817,175,andrethegiant,7/13/2012,7:01:17,Friday
"Alan Eustace Jumps from Stratosphere, Breaking Felix Baumgartner’s World Record",http://themacro.com/articles/2016/06/how-not-to-fail/,816,266,specialp,10/24/2014,17:53:36,Friday
Total Nightmare: USB-C and Thunderbolt 3,http://www.sublimetext.com/blog/articles/sublime-text-2-0-released,814,446,sfoskett,10/29/2016,15:32:09,Saturday
Save Netflix,https://showoff.io/,813,225,thecombjelly,4/4/2016,18:53:26,Monday
GoDaddy has not withdrawn its official congressional support for SOPA ,http://www.nytimes.com/2012/11/18/opinion/sunday/the-quiet-ones.html?pagewanted=all,813,60,ParkerK,12/24/2011,20:24:36,Saturday
The Amazing iOS 6 Maps,http://paperplanes.world,812,375,Maakuth,9/20/2012,14:53:58,Thursday
"He got 1%, we can't hire him",http://www.nytimes.com/2016/11/09/us/politics/hillary-clinton-donald-trump-president.html,811,582,gringofyx,8/28/2013,9:14:32,Wednesday
Command-line tools can be faster than your Hadoop cluster,https://www.facebook.com/notes/mark-zuckerberg/a-letter-to-our-daughter/10153375081581634,810,309,wglb,1/18/2015,19:12:34,Sunday
Bitcoin: the Stripe perspective,http://www.baekdal.com/opinion/how-inapp-purchases-has-destroyed-the-industry/,810,246,gdb,7/21/2014,17:26:22,Monday
NSA admits listening to U.S. phone calls without warrants,http://www.bbc.co.uk/news/magazine-26260978,809,395,declan,6/15/2013,23:40:36,Saturday
Bézier Clock,https://www.joyent.com/blog/samsung-acquires-joyent-a-ctos-perspective,809,70,frigaardj,9/10/2014,7:42:49,Wednesday
Make the Metric system the standard in the United States,http://www.newyorker.com/news/john-cassidy/its-time-to-let-edward-snowden-come-home,808,531,ovechtrick,1/2/2013,12:15:20,Wednesday
Path uploads your entire iPhone address book to its servers,https://assets.donaldjtrump.com/_landings/contract/O-TRU-102316-Contractv02.pdf,808,272,iamclovin,2/7/2012,18:20:03,Tuesday
Ask HN: The “I want to do everything but end up doing nothing” dilemma,http://tommorris.org/posts/8070,806,213,goralph,2/14/2015,9:33:55,Saturday
My Friends and I Bought an Island,https://docs.google.com/document/u/2/d/197pwFltWL2HPnOAmC840sPHhjxqxiOnNVOuI_dnLLb4/pub,804,388,intenex,9/16/2013,19:09:11,Monday
I Got Myself Arrested So I Could Look Inside the Justice System,http://www.bbc.co.uk/news/technology-37680411,803,479,ilamont,12/17/2013,17:38:08,Tuesday
Has the US become the type of nation from which you have to seek asylum?,https://www.facebook.com/notes/arnold-schwarzenegger/i-am-not-a-self-made-man/10154889065464658,803,334,Libertatea,6/10/2013,11:12:05,Monday
Show HN: This page exists only if someone is looking at it,https://medium.com/@peretzp/i-got-arrested-in-kazakhstan-and-represented-myself-in-court-d3764fb738f1#.e2fu9nw2w,803,165,losvedir,5/12/2015,12:41:32,Tuesday
Show HN: Twitch Installs Arch Linux – A cooperative text-based horror game,http://techblog.netflix.com/2014/11/nodejs-in-flames.html,802,250,jbott,10/30/2015,13:45:40,Friday
Bootstra.386 – A Bootstrap theme from the 1980s,http://blog.pinboard.in/2011/12/don_t_be_a_free_user/,802,111,dlsym,7/3/2014,13:48:55,Thursday
OpenBSD will shut down if we do not have the funding to keep the lights on,http://www.nytimes.com/2014/01/02/opinion/edward-snowden-whistle-blower.html,801,409,openbsddesktop,1/16/2014,15:32:48,Thursday
Post-Mortem for Google Compute Engine’s Global Outage on April 11,http://pangoly.com,799,351,sgrytoyr,4/13/2016,16:40:52,Wednesday
Desktop Neo – rethinking the desktop interface for productivity,http://alexisohanian.com/keep-calm-carry-on-what-you-didnt-know-about,798,314,ziburski,1/19/2016,17:49:15,Tuesday
Subtle Patterns: Free textures for your next web project,http://niederfamily.blogspot.be/2012/06/silencing-of-maya.html,798,65,vitomd,10/10/2011,1:02:03,Monday
Investing for Geeks,http://www.google.com/atap/projecttango/,797,457,gk1,9/16/2016,16:06:20,Friday
Inceptionism:  Going Deeper into Neural Networks,https://www.hashicorp.com/blog/otto.html,797,156,neurologic,6/18/2015,2:55:12,Thursday
Tesla Model S achieves best safety rating of any car ever tested,http://voxelcss.com/,796,301,turing,8/20/2013,0:34:07,Tuesday
"This is a bit f'd, Quora",http://bouk.co/blog/hacking-developers/,796,232,webwright,8/13/2012,18:10:41,Monday
A Government Error Just Revealed Snowden Was the Target in the Lavabit Case,http://techcrunch.com/2011/05/12/facebook-loses-much-face-in-secret-smear-on-google/,795,164,runesoerensen,3/17/2016,22:31:38,Thursday
A previously unnoticed property of prime numbers,http://www.polymagnet.com/polymagnets/,794,236,tcoppi,3/14/2016,12:41:31,Monday
Node.js and io.js are merging under the Node Foundation,https://eev.ee/blog/2016/09/15/music-theory-for-nerds/,794,81,onestone,5/13/2015,22:04:23,Wednesday
Phoenix 1.0,http://www.brianstorti.com/stop-using-tail/?utm_content=buffer13c97&utm_medium=social&utm_source=twitter.com&utm_campaign=buffer,792,224,arthurcolle,8/28/2015,15:10:14,Friday
SQLite developer must have received a lot of phone calls,http://www.jefftk.com/p/mercury-spill,792,108,DaGardner,3/13/2015,9:10:05,Friday
The DROWN Attack,http://www.transformy.io/,791,194,jsnell,3/1/2016,12:58:50,Tuesday
Windows 93 (2014),https://github.com/dear-github/dear-github/pull/115,790,113,hxw,10/12/2016,10:05:37,Wednesday
14 years ago: the day Teller gave me the secret to my career in magic.,https://medium.com/@drb/how-to-be-like-steve-ballmer-cf4c9803d74c#.xfttmyket,789,63,Sukotto,2/15/2012,21:22:35,Wednesday
Boom (YC W16) – Supersonic Passenger Airplanes,https://www.citusdata.com/blog/17-ozgun-erdogan/403-citus-unforks-postgresql-goes-open-source,787,464,rdl,3/21/2016,16:35:17,Monday
You just went to the Google homepage. What actually happened?,https://github.com/textmate/textmate,787,144,jmonegro,3/20/2013,17:06:49,Wednesday
CyberChef – A Cyber Swiss Army Knife,http://twitter.github.com/bootstrap/?v=2.0,785,139,robin_reala,11/28/2016,16:06:25,Monday
Feds Threatened to Fine Yahoo $250K Daily for Not Complying with NSA's PRISM,http://sci-hub.io/,784,242,suprgeek,9/12/2014,0:01:53,Friday
Julie Rubicon,http://v8project.blogspot.com/2016/10/webassembly-browser-preview.html,784,131,ISL,3/23/2016,14:12:00,Wednesday
Confessions of an ex-TSA agent,https://www.aclu.org/blog/free-future/one-fbis-major-claims-iphone-case-fraudulent,783,198,dsr12,1/31/2014,19:50:20,Friday
"Show HN: Codecademy.com, the easiest way to learn to code",https://blogs.windows.com/msedgedev/2016/01/13/chakracore-now-open/,782,234,zds,8/18/2011,21:25:02,Thursday
Pokemon Go is a huge security risk,https://medium.com/@JohnTeasdale/how-we-turned-140k-on-kickstarter-into-40k-in-debt-and-how-we-broke-even-1f86d80fe50f#.71a4sbp8i,780,251,patchoulol,7/11/2016,14:07:52,Monday
Blowing the Whistle on the UC Berkeley Mathematics Department,http://www.reuters.com/article/2011/08/06/usa-downgrade-sp-idUSN1E7741TJ20110806,778,260,elinear,10/12/2015,2:20:43,Monday
Linux Foundation quietly drops community representation,http://www.threadbase.com/unravelled,778,178,logic,1/20/2016,23:36:54,Wednesday
Create React Apps with No Configuration,https://www.zulip.org/,777,241,vjeux,7/22/2016,16:02:29,Friday
Verizon's accidental mea culpa,https://twitter.com/webkit/status/728643624464883712,776,313,shimshim,7/17/2014,17:45:45,Thursday
"Rob ""CmdrTaco"" Malda Resigns From Slashdot",http://nolanlawson.com/2015/06/30/safari-is-the-new-ie/,776,147,SandB0x,8/25/2011,13:06:46,Thursday
Nasa just made all its research available online for free,http://www.restorethefourth.net/#July4th,776,49,signa11,8/20/2016,16:28:01,Saturday
US government commits to publish publicly financed software under FOSS licenses,http://www.google.com/glass,773,104,dandelion_lover,4/3/2016,11:29:10,Sunday
Cowards,https://d4l3.com/dreams,772,226,kevinwmerritt,6/8/2013,4:19:25,Saturday
A Farewell to FRP,http://www.bloomberg.com/graphics/2015-whats-warming-the-world/,771,241,sharksandwich,5/10/2016,14:43:04,Tuesday
Google Acquires Boston Dynamics,http://torrentfreak.com/bittorrents-secure-dropbox-alternative-goes-public-130423/,770,294,dshankar,12/14/2013,5:44:27,Saturday
The Worst,http://techcrunch.com/2011/11/13/diaspora-co-founder-ilya-zhitomirskiy-passes-away-at-21/,769,209,ldayley,11/27/2012,18:45:59,Tuesday
When Your Former Boss Sues You for Starting a Startup,http://www.extremetech.com/computing/182428-ironic-iframes-adblock-plus-is-probably-the-reason-firefox-and-chrome-are-such-memory-hogs,767,234,katm,9/22/2015,21:28:22,Tuesday
"Patent war goes nuclear: Microsoft, Apple-owned Rockstar sues Google",https://sites.google.com/site/forgottenemployee/,766,528,phenylene,11/1/2013,4:05:24,Friday
Girls and Software,https://zapier.com/learn/the-ultimate-guide-to-remote-working/,765,419,forgottenpass,2/9/2014,16:01:53,Sunday
Ultimate Tic Tac Toe,http://www.feynmanlectures.caltech.edu/,765,123,sid6376,6/18/2013,11:02:24,Tuesday
A VC-funded startup called WhosHere is trying to steal my social network,http://www.bloomberg.com/news/articles/2016-03-28/u-s-drops-california-case-against-apple-after-accessing-iphone,764,221,pclark,6/1/2012,19:34:15,Friday
Pixels don’t care,http://www.theguardian.com/commentisfree/2014/may/20/why-did-lavabit-shut-down-snowden-email,764,135,dpearson,1/28/2013,20:51:03,Monday
E Ink announces a full color electrophoretic ePaper display,https://www.amazon.com/oc/dash-button/,763,257,jameshart,5/24/2016,22:33:41,Tuesday
Procrastination is Not Laziness,http://reverseocr.tumblr.com/,763,173,alanfalcon,3/15/2013,0:13:01,Friday
How I attacked myself using Google and I ramped up a $1000 bandwidth bill,http://pud.com/post/65374847162/how-i-deal-with-users-who-steal,763,143,Panos,4/25/2012,18:21:07,Wednesday
ASUS delivers BIOS/UEFI auto-updates over HTTP with no verification,http://www.iheartchaos.com/post/16393143676/fun-with-math-dividing-one-by-998001-yields-a,762,196,Kubuxu,6/5/2016,10:26:49,Sunday
The Web We Have to Save,https://blogs.dropbox.com/business/2016/04/announcing-project-infinite/,760,238,e12e,8/3/2015,9:28:34,Monday
Induction powered LED lit engagement ring,https://mzucker.github.io/2016/08/15/page-dewarping.html,760,78,bcl,5/22/2013,4:19:38,Wednesday
fork() can fail,http://pando.com/2014/01/23/the-techtopus-how-silicon-valleys-most-celebrated-ceos-conspired-to-drive-down-100000-tech-engineers-wages/,759,317,dantiberian,8/20/2014,19:15:59,Wednesday
What Makes a McMansion Bad Architecture?,http://blog.burntsushi.net/ripgrep/,758,519,jseliger,8/14/2016,18:38:19,Sunday
The Star Wars Route: Do a traceroute to 216.81.59.173,http://copy.sh/v24/,758,80,fpp,2/9/2013,14:50:20,Saturday
iPhone 7,,756,1733,benigeri,9/7/2016,18:52:27,Wednesday
The price of solar power just fell 50% in 16 months,,756,435,prostoalex,5/3/2016,4:50:11,Tuesday
Text of the Trans-Pacific Partnership,,755,346,cdubzzz,11/5/2015,12:15:14,Thursday
"The Feynman Lectures on Physics, Volume I",,755,110,trevyn,9/13/2013,13:09:44,Friday
Steam Controller,,753,364,cocoflunchy,9/27/2013,17:00:05,Friday
What Happens Next Will Amaze You,,753,281,synacksynack,9/23/2015,3:28:32,Wednesday
Pixar in a Box – Khan Academy,,753,65,beneater,8/27/2015,15:16:20,Thursday
TTIP Leaks,,752,247,Hjugo,5/2/2016,9:28:43,Monday
How I Built a Custom Camper Van (2015),,751,340,pvsukale3,8/29/2016,17:53:21,Monday
What's Really Warming the World?,,750,523,cjdulberger,6/24/2015,13:46:35,Wednesday
BitTorrents Secure Dropbox Alternative Goes Public,,750,282,ninthfrank07,4/23/2013,15:40:15,Tuesday
Diaspora Co-Founder Ilya Zhitomirskiy Passes Away At 21,,749,231,brackin,11/13/2011,19:25:07,Sunday
Adblock Plus is probably the reason Firefox and Chrome are such memory hogs,,748,400,lelf,12/27/2014,13:01:20,Saturday
Forgotten Employee (2002),,747,294,bgar,7/23/2013,2:54:22,Tuesday
Guide to Remote Work,,747,103,colinscape,11/1/2016,12:09:09,Tuesday
Feynman Lectures on Physics now free online,,747,97,silenteh,8/23/2014,18:41:54,Saturday
U.S. Drops California Case Against Apple After Accessing iPhone,,746,353,potshot,3/28/2016,21:54:09,Monday
Why I was forced to shut down Lavabit,,746,231,cottonseed,5/20/2014,18:09:52,Tuesday
Amazon Dash Button,,745,684,digitalmud,3/31/2015,15:20:01,Tuesday
Reverse OCR,,745,91,mrtbld,11/5/2014,13:39:25,Wednesday
Here's how I deal with users who steal,,744,217,pud,10/28/2013,22:42:10,Monday
Fun with math: Dividing one by 998001 yields a surprising result,,744,92,kenver,1/26/2012,16:32:25,Thursday
Dropbox Project Infinite,,743,290,maguay,4/26/2016,11:21:19,Tuesday
Page Dewarping,,743,70,pietrofmaggi,8/18/2016,13:45:22,Thursday
Organizing complexity is the most important skill in software development,,742,276,speg,6/22/2015,12:52:17,Monday
How Silicon Valley CEOs conspired to drive down tech engineer wages,,740,466,uptown,1/23/2014,21:55:14,Thursday
Ripgrep – A new command line search tool,,740,209,dikaiosune,9/23/2016,13:33:34,Friday
Show HN: My x86 emulator written in JavaScript,,740,191,g3,10/17/2013,20:36:41,Thursday
